25/03/2019
Torneo Apertura 2026
Fecha 1
Jueves 22 de enero
 17.00 Aldosivi – Defensa y Justicia (Interzonal)
 20.00 Unión – Platense (Zona A)
 20.00 Banfield – Huracán (Zona B)
 22.15 Central Córdoba – Gimnasia (Mza.) (Zona A)
 22.15 Instituto – Vélez (Zona A)
Viernes 23 de enero
 17.45 San Lorenzo – Lanús (Zona A)
 20.00 Independiente – Estudiantes (Zona A)
 22.15 Talleres – Newell’s (Zona A)
 22.15 Independiente Rivadavia Mza. – Atlético Tucumán (Zona B)
Sábado 24 de enero
 17.00 Barracas Central – River (Zona B)
 19.30 Gimnasia – Racing (Zona B)
 22.00 Rosario Central – Belgrano (Zona B)
Domingo 25 de enero
 18.30 Boca – Deportivo Riestra (Zona A)
 21.00 Tigre – Estudiantes (Río Cuarto) (Zona B)
 21.00 Argentinos – Sarmiento (Zona B)
Fecha 2
Lunes 26 de enero
 17.00 Platense – Instituto (Zona A)
Martes 27 de enero
 17.45 Vélez – Talleres (Zona A)
 20.00 Gimnasia (Mza.) – San Lorenzo (Zona A)
 20.00 Huracán – Independiente Rivadavia Mza. (Zona B)
 22.15 Newell’s – Independiente (Zona A)
 22.15 Atlético Tucumán – Central Córdoba (Interzonal)
Miércoles 28 de enero
 17.00 Aldosivi – Barracas Central (Zona B)
 18.00 Racing – Rosario Central (Zona B)
 20.00 River – Gimnasia (Zona B)
 22.15 Estudiantes – Boca (Zona A)
Jueves 29 de enero
 17.00 Deportivo Riestra – Defensa y Justicia (Zona A)
 19.15 Lanús – Unión (Zona A)
 19.15 Belgrano – Tigre (Zona B)
 21.30 Estudiantes (Río Cuarto) – Argentinos (Zona B)
 21.30 Sarmiento – Banfield (Zona A)
Fecha 3
Sábado 31 de enero
 17.30 San Lorenzo – Central Córdoba (Zona A)
 19.45 Independiente – Vélez (Zona A)
 22.00 Talleres – Platense (Zona A)
 22.00 Atlético Tucumán – Huracán (Zona B)
Domingo 1° de febrero
 17.00 Barracas Central – Deportivo Riestra (Interzonal)
 19.15 Boca – Newell’s (Zona A)
 21.30 Rosario Central – River (Zona B)
Lunes 2 de febrero
 17.30 Gimnasia – Aldosivi (Zona B)
 17.30 Defensa y Justicia – Estudiantes (Zona A)
 19.45 Tigre – Racing (Zona B)
 22.00 Unión – Gimnasia (Mza.) (Zona A)
 22.00 Argentinos – Belgrano (Zona A)
Martes 3 de febrero
 19.00 Banfield – Estudiantes (Río Cuarto) (Zona A)
 21.15 Independiente Rivadavia Mza. – Sarmiento (Zona B)
 21.15 Instituto – Lanús (Zona A)
Fecha 4
Viernes 6 de febrero
 21.00 Central Córdoba – Unión (Zona A)
Sábado 7 de febrero
 17.00 Aldosivi – Rosario Central (Zona B)
 18.00 Racing – Argentinos (Zona B)
 20.00 River – Tigre (Zona B)
 22.15 Newell’s – Defensa y Justicia (Zona A)
 22.15 Belgrano – Banfield (Zona B)
Domingo 8 de febrero
 17.00 Platense – Independiente (Zona A)
 17.00 Sarmiento – Atlético Tucumán (Zona B)
 19.15 Huracán – San Lorenzo (Interzonal)
 22.15 Gimnasia (Mza.) – Instituto (Zona A)
 22.15 Vélez – Boca (Zona A)
Lunes 9 de febrero
 17.00 Barracas Central – Gimnasia (Zona B)
 19.15 Estudiantes – Deportivo Riestra (Zona A)
 19.15 Lanús – Talleres (Zona A)
 21.30 Estudiantes (Río Cuarto) – Independiente Rivadavia Mza. (Zona B)
Fecha 5
Jueves 12 de febrero
 19.00 Tigre – Aldosivi (Zona B)
 21.15 Argentinos – River (Zona B)
Viernes 13 de febrero
 18.00 Defensa y Justicia – Vélez (Zona A)
 20.00 Independiente – Lanús (Zona A)
 22.15 Unión – San Lorenzo (Zona A)
Sábado 14 de febrero
 17.30 Banfield – Racing (Zona B)
 19.45 Talleres – Gimnasia (Mza.) (Zona A)
 19.45 Huracán – Sarmiento (Zona B)
 22.00 Atlético Tucumán – Estudiantes (Río Cuarto) (Zona B)
 22.00 Independiente Rivadavia Mza. – Belgrano (Zona B)
Domingo 15 de febrero
 17.00 Gimnasia – Estudiantes (Interzonal)
 19.30 Boca – Platense (Zona A)
 22.00 Rosario Central – Barracas Central (Zona B)
 22.00 Instituto – Central Córdoba (Zona B)
Lunes 16 de febrero
 19.00 Deportivo Riestra – Newell’s (Zona A)
Fecha 6 (Interzonal)
Jueves 19 de febrero
 17.15 Defensa y Justicia – Belgrano
 17.15 San Lorenzo – Estudiantes (Río Cuarto)
 19.30 Independiente Rivadavia Mza. – Independiente
 19.30 Instituto – Atlético Tucumán
Viernes 20 de febrero
 18.00 Estudiantes – Sarmiento
 20.00 Boca – Racing
 22.15 Gimnasia (Mza.) – Gimnasia
 22.15 Rosario Central – Talleres
Sábado 21 de febrero
 17.00 Platense – Barracas Central
 17.00 Banfield – Newell’s
 19.15 Deportivo Riestra – Huracán
 21.30 Central Córdoba – Tigre
Domingo 22 de febrero
 18.30 Vélez – River
 21.00 Unión – Aldosivi
A confirmar
 Argentinos – Lanús
Fecha 7
Martes 24 de febrero
 17.00 Platense – Defensa y Justicia (Zona A)
 17.30 San Lorenzo – Instituto (Zona A)
 19.45 Belgrano – Atlético Tucumán (Zona B)
 19.45 Central Córdoba – Talleres (Zona A)
 22.00 Gimnasia (Mza.) – Independiente (Zona A)
Miércoles 25 de febrero
 17.00 Barracas Central – Tigre (Zona B)
 17.00 Gimnasia – Rosario Central (Zona B)
 19.30 Vélez – Deportivo Riestra (Zona A)
 19.30 Newell’s – Estudiantes (Zona A)
Jueves 26 de febrero
 17.15 Sarmiento – Unión (Interzonal)
 17.15 Racing – Independiente Rivadavia Mza. (Zona B)
 19.30 Estudiantes (Río Cuarto) – Huracán (Zona B)
 19.30 River – Banfield (Zona B)
A confirmar
 Lanús – Boca (Zona A)
 Aldosivi – Argentinos (Zona B)
Fecha 8
Sábado 28 de febrero
 17.45 Boca – Gimnasia (Mza.) (Zona A)
 20.00 Independiente – Central Córdoba (Zona A)
 22.15 Talleres – San Lorenzo (Zona A)
Domingo 1° de marzo
 17.00 Newell’s – Rosario Central (Interzonal)
 19.15 Argentinos – Barracas Central (Zona B)
 19.15 Defensa y Justicia – Lanús (Zona A)
 21.30 Tigre – Gimnasia (Zona B)
 21.30 Instituto – Unión (Zona A)
Lunes 2 de marzo
 17.00 Banfield – Aldosivi (Zona B)
 19.15 Deportivo Riestra – Platense (Zona A)
 19.15 Estudiantes – Vélez (Zona A)
 21.30 Independiente Rivadavia Mza. – River (Zona B)
Martes 3 de marzo
 19.00 Huracán – Belgrano (Zona B)
 19.00 Sarmiento – Estudiantes (Río Cuarto) (Zona B)
 21.15 Atlético Tucumán – Racing (Zona B)
Fecha 9
Jueves 5 de marzo
 18.30 Gimnasia (Mza.) – Defensa y Justicia
Viernes 6 de marzo
 17.00 Barracas Central – Banfield (Zona B)
 17.00 Platense – Estudiantes (Zona A)
 19.45 Vélez – Newell’s (Zona A)
 22.00 Unión – Talleres (Zona A)
 22.00 Rosario Central – Tigre (Zona B)
Sábado 7 de marzo
 17.00 Aldosivi – Independiente Rivadavia Mza. (Zona B)
 17.00 Estudiantes (Río Cuarto) – Instituto (Interzonal)
 19.15 San Lorenzo – Independiente (Zona A)
 21.30 Racing – Huracán (Zona B)
 21.30 Belgrano – Sarmiento (Zona B)
Domingo 8 de marzo
 17.00 Gimnasia – Argentinos (Zona B)
 17.00 Lanús – Deportivo Riestra (Zona B)
 19.15 Central Córdoba – Boca (Zona A)
 21.15 River – Atlético Tucumán (Zona B)
Fecha 10
Martes 10 de marzo
 17.30 Tigre – Vélez (Interzonal)
 17.30 Newell’s – Platense (Zona A)
 19.45 Independiente – Unión (Zona A)
 22.00 Sarmiento – Racing (Zona B)
Miércoles 11 de marzo
 17.30 Banfield – Gimnasia (Zona B)
 17.30 Argentinos – Rosario Central (Zona B)
 19.45 Boca – San Lorenzo (Zona A)
 22.00 Independiente Rivadavia Mza. – Barracas Central (Zona B)
 22.00 Atlético Tucumán – Aldosivi (Zona B)
Jueves 12 de marzo
 17.00 Deportivo Riestra – Gimnasia (Mza.) (Zona A)
 17.00 Defensa y Justicia – Central Córdoba (Zona A)
 19.15 Talleres – Instituto (Zona A)
 19.15 Estudiantes (Río Cuarto) – Belgrano (Zona B)
 21.30 Huracán – River (Zona B)
Viernes 13 de marzo
 20.00 Estudiantes – Lanús (Zona A)
Fecha 11
Sábado 14 de marzo
 17.00 Platense – Vélez (Zona A)
 20.00 Rosario Central – Banfield (Zona B)
Domingo 15 de marzo
 15.15 Tigre – Argentinos (Zona B)
 15.15 Gimnasia – Independiente Rivadavia Mza. (Zona B)
 17.30 Belgrano – Talleres (Interzonal)
 19.45 River – Sarmiento (Zona B)
 22.00 Unión – Boca (Zona A)
Lunes 16 de marzo
 15.30 Barracas Central – Atlético Tucumán (Zona B)
 15.30 Aldosivi – Huracán (Zona B)
 17.45 San Lorenzo – Defensa y Justicia (Zona A)
 20.00 Racing – Estudiantes (Río Cuarto) (Zona B) 
 22.15 Instituto – Independiente (Zona A)
Martes 17 de marzo
 19.00 Lanús – Newell’s (Zona A)
 21.15 Central Córdoba – Deportivo Riestra (Zona B)
 21.15 Gimnasia (Mza.) – Estudiantes (Zona A)
Fecha 12
Viernes 20 de marzo
 21.00 Banfield – Tigre (Zona B)
 21.00 Atlético Tucumán – Gimnasia (Zona B)
Sábado 21 de marzo
 15.30 Vélez – Lanús (Zona A)
 17.45 Newell’s – Gimnasia (Mza.) (Zona A)
 17.45 Defensa y Justicia – Unión (Zona A)
 20.00 Independiente – Talleres (Zona A)
 22.15 Belgrano – Racing (Zona B)
Domingo 22 de marzo
 15.30 Sarmiento – Aldosivi (Zona B)
 17.45 Estudiantes (Río Cuarto) – River (Zona B)
 20.00 Boca – Instituto (Zona A)
 22.15 Independiente Rivadavia Mza. – Rosario Central (Zona A)
 22.15 Argentinos – Platense (Interzonal)
Lunes 23 de marzo
 19.00 Estudiantes – Central Córdoba (Zona A)
 21.15 Huracán – Barracas Central (Zona B)
Miércoles 25 de marzo
 19.00 Deportivo Riestra – San Lorenzo (Zona A)
Fecha 13 (Fin de semana del 05/04)
Interzonal: Independiente – Racing
Zona A
 Talleres – Boca
 Instituto – Defensa y Justicia
 Unión – Deportivo Riestra
 San Lorenzo – Estudiantes
 Central Córdoba – Newell’s
 Gimnasia (Mza.) – Vélez
 Lanús – Platense
Zona B
 River – Belgrano
 Aldosivi – Estudiantes (Río Cuarto)
 Barracas Central – Sarmiento
 Gimnasia – Huracán
 Rosario Central – Atlético Tucumán
 Tigre – Independiente Rivadavia Mza.
 Argentinos – Banfield
Fecha 14 (Fin de semana del 12/04)
Interzonal: Lanús – Banfield
Zona A
 Platense – Gimnasia (Mza.)
 Vélez – Central Córdoba
 Newell’s – San Lorenzo
 Estudiantes – Unión
 Deportivo Riestra – Instituto
 Defensa y Justicia – Talleres
 Boca – Independiente
Zona B
 Independiente Rivadavia Mza. – Argentinos
 Atlético Tucumán – Tigre
 Huracán – Rosario Central
 Sarmiento – Gimnasia
 Estudiantes (Río Cuarto) – Barracas Central
 Belgrano – Aldosivi
 Racing – River
Fecha 15 (Fin de semana del 19/04)
Interzonal: River – Boca
Zona A
 Independiente – Defensa y Justicia
 Talleres – Deportivo Riestra
 Instituto – Estudiantes
 Unión – Newell’s
 San Lorenzo – Vélez
 Central Córdoba – Platense
 Gimnasia (Mza.) – Lanús
Zona B
 Aldosivi – Racing
 Barracas Central – Belgrano
 Gimnasia – Estudiantes (Río Cuarto)
 Rosario Central – Sarmiento
 Tigre – Huracán
 Argentinos – Atlético Tucumán
 Banfield – Independiente Rivadavia Mza.
Fecha 16 (Fin de semana del 26/04)
Interzonal: Independiente Rivadavia Mza. – Gimnasia (Mza.)
Zona A
 Lanús – Central Córdoba
 Platense – San Lorenzo
 Vélez – Unión
 Newell’s – Instituto
 Estudiantes – Talleres
 Deportivo Riestra – Independiente
 Defensa y Justicia – Boca
Zona B
 Atlético Tucumán – Banfield
 Huracán – Argentinos
 Sarmiento – Tigre
 Estudiantes (Río Cuarto) – Rosario Central
 Belgrano – Gimnasia
 Racing – Barracas Central
 River – Aldosivi
Torneo Clausura 2026
Fecha 1
Interzonal: Defensa y Justicia – Aldosivi
Zona A
 Deportivo Riestra – Boca
 Estudiantes – Independiente
 Newell’s – Talleres
 Vélez – Instituto
 Platense – Unión
 Lanús – San Lorenzo
 Gimnasia (Mza.) – Central Córdoba
Zona B
 River – Barracas Central
 Racing – Gimnasia
 Belgrano – Rosario Central
 Estudiantes (Río Cuarto) – Tigre
 Sarmiento – Argentinos
 Huracán – Banfield
 Atlético Tucumán – Independiente Rivadavia Mza.
Fecha 2
Interzonal: Central Córdoba – Atlético Tucumán
Zona A
 San Lorenzo – Gimnasia (Mza.)
 Unión – Lanús
 Instituto – Platense
 Talleres – Vélez
 Independiente – Newell’s
 Boca – Estudiantes
 Defensa y Justicia – Deportivo Riestra
Zona B
 Independiente Rivadavia Mza. – Huracán
 Banfield – Sarmiento
 Argentinos – Estudiantes (Río Cuarto)
 Tigre – Belgrano
 Rosario Central – Racing
 Gimnasia – River
 Barracas Central – Aldosivi
Fecha 3
Interzonal: Deportivo Riestra – Barracas Central
Zona A
 Estudiantes – Defensa y Justicia
 Newell’s – Boca
 Vélez – Independiente
 Platense – Talleres
 Lanús – Instituto
 Gimnasia (Mza.) – Unión
 Central Córdoba – San Lorenzo
Zona B
 Aldosivi – Gimnasia
 River – Rosario Central
 Racing – Tigre
 Belgrano – Argentinos
 Estudiantes (Río Cuarto) – Banfield
 Sarmiento – Independiente Rivadavia Mza.
 Huracán – Atlético Tucumán
Fecha 4
Interzonal: San Lorenzo – Huracán
Zona A
 Unión – Central Córdoba
 Instituto – Gimnasia (Mza.)
 Talleres – Lanús
 Independiente – Platense
 Boca – Vélez
 Defensa y Justicia – Newell’s
 Deportivo Riestra – Estudiantes
Zona B
 Atlético Tucumán – Sarmiento
 Independiente Rivadavia (Mza.) – Estudiantes (Río Cuarto)
 Banfield – Belgrano
 Argentinos – Racing
 Tigre – River
 Rosario Central – Aldosivi
 Gimnasia – Barracas Central
Fecha 5
Interzonal: Estudiantes – Gimnasia
Zona A
 Newell’s – Deportivo Riestra
 Vélez – Defensa y Justicia
 Platense – Boca
 Lanús – Independiente
 Gimnasia (Mza.) – Talleres
 Central Córdoba – Instituto
 San Lorenzo – Unión
Zona B
 Barracas Central – Rosario Central
 Aldosivi – Tigre
 River – Argentinos
 Racing – Banfield
 Belgrano – Independiente Rivadavia Mza.
 Estudiantes (Río Cuarto) – Atlético Tucumán
 Sarmiento – Huracán
Fecha 6 (interzonal)
River – Vélez
 Barracas Central – Platense
 Talleres – Rosario Central
 Sarmiento – Estudiantes
 Belgrano – Defensa y Justicia
 Lanús – Argentinos
 Racing – Boca
 Independiente – Independiente Rivadavia Mza.
 Aldosivi – Unión
 Atlético Tucumán – Instituto
 Estudiantes (Río Cuarto) – San Lorenzo
 Gimnasia – Gimnasia (Mza.)
 Tigre – Central Córdoba
 Huracán – Deportivo Riestra
 Newell’s – Banfield
Fecha 7
Interzonal: Unión – Sarmiento
Zona A
 Instituto – San Lorenzo
 Talleres – Central Córdoba
 Independiente – Gimnasia (Mza.)
 Boca – Lanús
 Defensa y Justicia – Platense
 Deportivo Riestra – Vélez
 Estudiantes – Newell’s
Zona B
 Huracán – Estudiantes (Río Cuarto)
 Atlético Tucumán – Belgrano
 Independiente Rivadavia Mza. – Racing
 Banfield – River
 Argentinos – Aldosivi
 Tigre – Barracas Central
 Rosario Central – Gimnasia
Fecha 8
Interzonal: Rosario Central – Newell’s
Zona A
 Vélez – Estudiantes
 Platense – Deportivo Riestra
 Lanús – Defensa y Justicia
 Gimnasia (Mza.) – Boca
 Central Córdoba – Independiente
 San Lorenzo – Talleres
 Unión – Instituto
Zona B
Gimnasia – Tigre
 Barracas Central – Argentinos
 Aldosivi – Banfield
 River – Independiente Rivadavia Mza.
 Racing – Atlético Tucumán
 Belgrano – Huracán
 Estudiantes (Río Cuarto) – Sarmiento
Fecha 9
Interzonal: Instituto – Estudiantes (Río Cuarto)
Zona A
 Talleres – Unión
 Independiente – San Lorenzo
 Boca – Central Córdoba
 Defensa y Justicia – Gimnasia (Mza.)
 Deportivo Riestra – Lanús
 Estudiantes – Platense
 Newell’s – Vélez
Zona B
 Sarmiento – Belgrano
 Huracán – Racing
 Atlético Tucumán – River
 Independiente Rivadavia Mza. – Aldosivi
 Banfield – Barracas Central
 Argentinos – Gimnasia
 Tigre – Rosario Central
Fecha 10
Interzonal: Vélez – Tigre
Zona A
 Platense – Newell’s
 Lanús – Estudiantes
 Gimnasia (Mza.) – Deportivo Riestra
 Central Córdboa – Defensa y Justicia
 San Lorenzo – Boca
 Unión – Independiente
 Instituto – Talleres
Zona B
 Rosario Central – Argentinos
 Gimnasia – Banfield
 Barracas Central – Independiente Rivadavia Mza.
 Aldosivi – Atlético Tucumán
 River – Huracán
 Racing – Sarmiento
 Belgrano – Estudiantes (Río Cuarto)
Fecha 11
Interzonal: Talleres – Belgrano
Zona A
 Independiente – Instituto
 Boca – Unión
 Defensa y Justicia – San Lorenzo
 Deportivo Riestra – Central Córdoba
 Estudiantes – Gimnasia Mza.
 Newell’s – Lanús
 Vélez – Platense
Zona B
 Estudiantes (Río Cuarto) – Racing
 Sarmiento – River
 Huracán – Aldosivi
 Atlético Tucumán – Barracas Central
 Independiente Rivadavia Mza. – Gimnasia
 Banfield – Rosario Central
 Argentinos – Tigre
Fecha 12
Interzonal: Platense – Argentinos
Zona A
 Lanús – Vélez
 Gimnasia Mza. – Newell’s
 Central Córdoba – Estudiantes
 San Lorenzo – Deportivo Riestra
 Unión – Defensa y Justicia
 Instituto – Boca
 Talleres – Independiente
Zona B
 Tigre – Banfield
 Rosario Central – Independiente Rivadavia Mza.
 Gimnasia – Atlético Tucumán
 Barracas Central – Huracán
 Aldosivi – Sarmiento
 River – Estudiantes (Río Cuarto)
 Racing – Belgrano
Fecha 13
Interzonal: Racing – Independiente
Zona A
 Boca – Talleres
 Defensa y Justicia – Instituto
 Deportivo Riestra – Unión
 Estudiantes – San Lorenzo
 Newell’s – Central Córdoba
 Vélez – Gimnasia (Mza.)
 Platense – Lanús
Zona B
 Belgrano – River
 Estudiantes (Río Cuarto) – Aldosivi
 Sarmiento – Barracas Central
 Huracán – Gimnasia
 Atlético Tucumán – Rosario Central
 Independiente Rivadavia Mza. – Tigre
 Banfield – Argentinos
Fecha 14
Interzonal: Banfield – Lanús
Zona A
 Gimnasia (Mza.) – Platense
 Central Córdoba – Vélez
 San Lorenzo – Newell’s
 Unión – Estudiantes
 Instituto – Deportivo Riestra
 Talleres – Defensa y Justicia
 Independiente – Boca
Zona B
 Argentinos – Independiente Rivadavia Mza.
 Tigre – Atlético Tucumán
 Rosario Central – Huracán
 Gimnasia – Sarmiento
 Barracas Central – Estudiantes (Río Cuarto)
 Aldosivi – Belgrano
 River – Racing
Fecha 15
Interzonal: Boca – River
Zona A
 Defensa y Justicia – Independiente
 Deportivo Riestra – Talleres
 Estudiantes – Instituto
 Newell’s – Unión
 Vélez – San Lorenzo
 Platense – Central Córdoba
 Lanús – Gimnasia (Mza.)
Zona B
 Racing – Aldosivi
 Belgrano – Barracas Central
 Estudiantes de Río Cuarto – Gimnasia
 Sarmiento – Rosario Central
 Huracán – Tigre
 Atlético Tucumán – Argentinos Juniors
 Independiente Rivadavia Mza. – Banfield
Fecha 16
Interzonal: Gimnasia (Mza.) – Independiente Rivadavia Mza.
Zona A
 Central Córdoba – Lanús
 San Lorenzo – Platense
 Unión – Vélez
 Instituto – Newell’s
 Talleres – Estudiantes
 Independiente – Deportivo Riestra
 Boca – Defensa y Justicia
Zona B
Banfield – Atlético Tucumán
 Argentinos – Huracán
 Tigre – Sarmiento
 Rosario Central – Estudiantes (Río Cuarto)
 Gimnasia – Belgrano
 Barracas Central – Racing
 Aldosivi – River
Trofeo de Campeonas 2025
Final
Domingo 21-12
Newell´s Old Boys c. Belgrano (Cba.), a las 19.30 hs., en Sp. Belgrano (San Francisco) principal 
(T.V.)
.
En caso de igualdad al cabo de los 90 minutos reglamentarios, la definición se operará mediante la ejecución de tiros desde el punto penal, conforme a las disposiciones del art. 111 apartado I, punto 1) c). del Reglamento General de AFA.
Supercopa Argentina 
Primera Nacional
Así quedó conformado el fixture para la temporada 2026 de la Primera Nacional:
ZONA A
 Fecha 1 - 07/02/2026 
 RACING (CBA.) - ESTUDIANTES
 ALL BOYS - MITRE (S.E.)
 LOS ANDES - ALTE. BROWN
 GODOY CRUZ (MZA.) - CDAD. DE BOLÍVAR
 DEP. MORÓN - DEF. DE BELGRANO
 COLÓN - DEP. MADRYN
 SAN MIGUEL - CTRAL. NORTE (S.)
 SAN TELMO - FERRO CARRIL OESTE
 ACASSUSO - CHACO FOR EVER
 Fecha 2 - 14/02/2026 
 ACASSUSO - RACING (CBA.)
 CHACO FOR EVER - SAN TELMO
 FERRO CARRIL OESTE - SAN MIGUEL
 CTRAL. NORTE (S.) - COLÓN
 DEP. MADRYN - DEP. MORÓN
 DEF. DE BELGRANO - GODOY CRUZ (MZA.)
 CDAD. DE BOLÍVAR - LOS ANDES
 ALTE. BROWN - ALL BOYS
 MITRE (S.E.) - ESTUDIANTES
 Fecha 3 - 21/02/2026 
 RACING (CBA.) - MITRE (S.E.)
 ESTUDIANTES - ALTE. BROWN
 ALL BOYS - CDAD. DE BOLÍVAR
 LOS ANDES - DEF. DE BELGRANO
 GODOY CRUZ (MZA.) - DEP. MADRYN
 DEP. MORÓN - CTRAL. NORTE (S.)
 COLÓN - FERRO CARRIL OESTE
 SAN MIGUEL - CHACO FOR EVER
 SAN TELMO - ACASSUSO
 Fecha 4 - 28/02/2026 
 SAN TELMO - RACING (CBA.)
 ACASSUSO - SAN MIGUEL
 CHACO FOR EVER - COLÓN
 FERRO CARRIL OESTE - DEP. MORÓN
 CTRAL. NORTE (S.) - GODOY CRUZ (MZA.)
 DEP. MADRYN - LOS ANDES
 DEF. DE BELGRANO - ALL BOYS
 CDAD. DE BOLÍVAR - ESTUDIANTES
 ALTE. BROWN - MITRE (S.E.)
 Fecha 5 - 07/03/2026 
 RACING (CBA.) - ALTE. BROWN
 MITRE (S.E.) - CDAD. DE BOLÍVAR
 ESTUDIANTES - DEF. DE BELGRANO
 ALL BOYS - DEP. MADRYN
 LOS ANDES - CTRAL. NORTE (S.)
 GODOY CRUZ (MZA.) - FERRO CARRIL OESTE
 DEP. MORÓN - CHACO FOR EVER
 COLÓN - ACASSUSO
 SAN MIGUEL - SAN TELMO
 Fecha 6 - 14/03/2026 
 SAN MIGUEL - RACING (CBA.)
 SAN TELMO - COLÓN
 ACASSUSO - DEP. MORÓN
 CHACO FOR EVER - GODOY CRUZ (MZA.)
 FERRO CARRIL OESTE - LOS ANDES
 CTRAL. NORTE (S.) - ALL BOYS
 DEP. MADRYN - ESTUDIANTES
 DEF. DE BELGRANO - MITRE (S.E.)
 CDAD. DE BOLÍVAR - ALTE. BROWN
 Fecha 7 - 21/03/2026 
 NVA. CHICAGO - ALL BOYS
 ATLANTA - FERRO CARRIL OESTE
 DEP. MADRYN - SAN MARTÍN (T.)
 CHACO FOR EVER - G. Y ESGRIMA (J.)
 ALMAGRO - DEP. MORÓN
 CHACARITA JRS. - ESTUDIANTES
 SAN MARTÍN (S.J.) - RACING (CBA.)
 LOS ANDES - TEMPERLEY
 GUEMES (S.E.) - MITRE (S.E.)
 ALTE. BROWN - T. SUÁREZ
 CDAD. DE BOLÍVAR - AGROPECUARIO ARG.
 PATRONATO (P.) - COLÓN
 G. Y TIRO (S.) - CTRAL. NORTE (S.)
 DEP. MAIPÚ (MZA.) - GODOY CRUZ (MZA.)
 SAN TELMO - QUILMES A.C.
 COLEGIALES - SAN MIGUEL
 DEF. DE BELGRANO - AT. DE RAFAELA
 F.C. MIDLAND - ACASSUSO
 Fecha 8 - 28/03/2026 
 RACING (CBA.) - CDAD. DE BOLÍVAR
 ALTE. BROWN - DEF. DE BELGRANO
 MITRE (S.E.) - DEP. MADRYN
 ESTUDIANTES - CTRAL. NORTE (S.)
 ALL BOYS - FERRO CARRIL OESTE
 LOS ANDES - CHACO FOR EVER
 GODOY CRUZ (MZA.) - ACASSUSO
 DEP. MORÓN - SAN TELMO
 COLÓN - SAN MIGUEL
 Fecha 9 - 04/04/2026 
 COLÓN - RACING (CBA.)
 SAN MIGUEL - DEP. MORÓN
 SAN TELMO - GODOY CRUZ (MZA.)
 ACASSUSO - LOS ANDES
 CHACO FOR EVER - ALL BOYS
 FERRO CARRIL OESTE - ESTUDIANTES
 CTRAL. NORTE (S.) - MITRE (S.E.)
 DEP. MADRYN - ALTE. BROWN
 DEF. DE BELGRANO - CDAD. DE BOLÍVAR
 Fecha 10 - 11/04/2026 
 RACING (CBA.) - DEF. DE BELGRANO
 CDAD. DE BOLÍVAR - DEP. MADRYN
 ALTE. BROWN - CTRAL. NORTE (S.)
 MITRE (S.E.) - FERRO CARRIL OESTE
 ESTUDIANTES - CHACO FOR EVER
 ALL BOYS - ACASSUSO
 LOS ANDES - SAN TELMO
 GODOY CRUZ (MZA.) - SAN MIGUEL
 DEP. MORÓN - COLÓN
 Fecha 11 - 18/04/2026 
 DEP. MORÓN - RACING (CBA.)
 COLÓN - GODOY CRUZ (MZA.)
 SAN MIGUEL - LOS ANDES
 SAN TELMO - ALL BOYS
 ACASSUSO - ESTUDIANTES
 CHACO FOR EVER - MITRE (S.E.)
 FERRO CARRIL OESTE - ALTE. BROWN
 CTRAL. NORTE (S.) - CDAD. DE BOLÍVAR
 DEP. MADRYN - DEF. DE BELGRANO
 Fecha 12 - 25/04/2026 
 RACING (CBA.) - DEP. MADRYN
 DEF. DE BELGRANO - CTRAL. NORTE (S.)
 CDAD. DE BOLÍVAR - FERRO CARRIL OESTE
 ALTE. BROWN - CHACO FOR EVER
 MITRE (S.E.) - ACASSUSO
 ESTUDIANTES - SAN TELMO
 ALL BOYS - SAN MIGUEL
 LOS ANDES - COLÓN
 GODOY CRUZ (MZA.) - DEP. MORÓN
 Fecha 13 - 02/05/2026 
 GODOY CRUZ (MZA.) - RACING (CBA.)
 DEP. MORÓN - LOS ANDES
 COLÓN - ALL BOYS
 SAN MIGUEL - ESTUDIANTES
 SAN TELMO - MITRE (S.E.)
 ACASSUSO - ALTE. BROWN
 CHACO FOR EVER - CDAD. DE BOLÍVAR
 FERRO CARRIL OESTE - DEF. DE BELGRANO
 CTRAL. NORTE (S.) - DEP. MADRYN
 Fecha 14 - 09/05/2026 
 RACING (CBA.) - CTRAL. NORTE (S.)
 DEP. MADRYN - FERRO CARRIL OESTE
 DEF. DE BELGRANO - CHACO FOR EVER
 CDAD. DE BOLÍVAR - ACASSUSO
 ALTE. BROWN - SAN TELMO
 MITRE (S.E.) - SAN MIGUEL
 ESTUDIANTES - COLÓN
 ALL BOYS - DEP. MORÓN
 LOS ANDES - GODOY CRUZ (MZA.)
 Fecha 15 - 16/05/2026 
 LOS ANDES - RACING (CBA.)
 GODOY CRUZ (MZA.) - ALL BOYS
 DEP. MORÓN - ESTUDIANTES
 COLÓN - MITRE (S.E.)
 SAN MIGUEL - ALTE. BROWN
 SAN TELMO - CDAD. DE BOLÍVAR
 ACASSUSO - DEF. DE BELGRANO
 CHACO FOR EVER - DEP. MADRYN
 FERRO CARRIL OESTE - CTRAL. NORTE (S.)
 Fecha 16 - 23/05/2026 
 RACING (CBA.) - FERRO CARRIL OESTE
 CTRAL. NORTE (S.) - CHACO FOR EVER
 DEP. MADRYN - ACASSUSO
 DEF. DE BELGRANO - SAN TELMO
 CDAD. DE BOLÍVAR - SAN MIGUEL
 ALTE. BROWN - COLÓN
 MITRE (S.E.) - DEP. MORÓN
 ESTUDIANTES - GODOY CRUZ (MZA.)
 ALL BOYS - LOS ANDES
 Fecha 17 - 30/05/2026 
 ALL BOYS - RACING (CBA.)
 LOS ANDES - ESTUDIANTES
 GODOY CRUZ (MZA.) - MITRE (S.E.)
 DEP. MORÓN - ALTE. BROWN
 COLÓN - CDAD. DE BOLÍVAR
 SAN MIGUEL - DEF. DE BELGRANO
 SAN TELMO - DEP. MADRYN
 ACASSUSO - CTRAL. NORTE (S.)
 CHACO FOR EVER - FERRO CARRIL OESTE
 Fecha 18 - 06/06/2026 
 RACING (CBA.) - CHACO FOR EVER
 FERRO CARRIL OESTE - ACASSUSO
 CTRAL. NORTE (S.) - SAN TELMO
 DEP. MADRYN - SAN MIGUEL
 DEF. DE BELGRANO - COLÓN
 CDAD. DE BOLÍVAR - DEP. MORÓN
 ALTE. BROWN - GODOY CRUZ (MZA.)
 MITRE (S.E.) - LOS ANDES
 ESTUDIANTES - ALL BOYS
 Fecha 19 - 20/06/2026 
 ESTUDIANTES - RACING (CBA.)
 MITRE (S.E.) - ALL BOYS
 ALTE. BROWN - LOS ANDES
 CDAD. DE BOLÍVAR - GODOY CRUZ (MZA.)
 DEF. DE BELGRANO - DEP. MORÓN
 DEP. MADRYN - COLÓN
 CTRAL. NORTE (S.) - SAN MIGUEL
 FERRO CARRIL OESTE - SAN TELMO
 CHACO FOR EVER - ACASSUSO
 Fecha 20 - 27/06/2026 
 RACING (CBA.) - ACASSUSO
 SAN TELMO - CHACO FOR EVER
 SAN MIGUEL - FERRO CARRIL OESTE
 COLÓN - CTRAL. NORTE (S.)
 DEP. MORÓN - DEP. MADRYN
 GODOY CRUZ (MZA.) - DEF. DE BELGRANO
 LOS ANDES - CDAD. DE BOLÍVAR
 ALL BOYS - ALTE. BROWN
 ESTUDIANTES - MITRE (S.E.)
 Fecha 21 - 04/07/2026 
 MITRE (S.E.) - RACING (CBA.)
 ALTE. BROWN - ESTUDIANTES
 CDAD. DE BOLÍVAR - ALL BOYS
 DEF. DE BELGRANO - LOS ANDES
 DEP. MADRYN - GODOY CRUZ (MZA.)
 CTRAL. NORTE (S.) - DEP. MORÓN
 FERRO CARRIL OESTE - COLÓN
 CHACO FOR EVER - SAN MIGUEL
 ACASSUSO - SAN TELMO
 Fecha 22 - 11/07/2026 
 RACING (CBA.) - SAN TELMO
 SAN MIGUEL - ACASSUSO
 COLÓN - CHACO FOR EVER
 DEP. MORÓN - FERRO CARRIL OESTE
 GODOY CRUZ (MZA.) - CTRAL. NORTE (S.)
 LOS ANDES - DEP. MADRYN
 ALL BOYS - DEF. DE BELGRANO
 ESTUDIANTES - CDAD. DE BOLÍVAR
 MITRE (S.E.) - ALTE. BROWN
 Fecha 23 - 18/07/2026 
 ALTE. BROWN - RACING (CBA.)
 CDAD. DE BOLÍVAR - MITRE (S.E.)
 DEF. DE BELGRANO - ESTUDIANTES
 DEP. MADRYN - ALL BOYS
 CTRAL. NORTE (S.) - LOS ANDES
 FERRO CARRIL OESTE - GODOY CRUZ (MZA.)
 CHACO FOR EVER - DEP. MORÓN
 ACASSUSO - COLÓN
 SAN TELMO - SAN MIGUEL
 Fecha 24 - 25/07/2026 
 RACING (CBA.) - SAN MIGUEL
 COLÓN - SAN TELMO
 DEP. MORÓN - ACASSUSO
 GODOY CRUZ (MZA.) - CHACO FOR EVER
 LOS ANDES - FERRO CARRIL OESTE
 ALL BOYS - CTRAL. NORTE (S.)
 ESTUDIANTES - DEP. MADRYN
 MITRE (S.E.) - DEF. DE BELGRANO
 ALTE. BROWN - CDAD. DE BOLÍVAR
 Fecha 25 - 01/08/2026 
 ALL BOYS - NVA. CHICAGO
 FERRO CARRIL OESTE - ATLANTA
 SAN MARTÍN (T.) - DEP. MADRYN
 G. Y ESGRIMA (J.) - CHACO FOR EVER
 DEP. MORÓN - ALMAGRO
 ESTUDIANTES - CHACARITA JRS.
 RACING (CBA.) - SAN MARTÍN (S.J.)
 TEMPERLEY - LOS ANDES
 MITRE (S.E.) - GUEMES (S.E.)
 T. SUÁREZ - ALTE. BROWN
 AGROPECUARIO ARG. - CDAD. DE BOLÍVAR
 COLÓN - PATRONATO (P.)
 CTRAL. NORTE (S.) - G. Y TIRO (S.)
 GODOY CRUZ (MZA.) - DEP. MAIPÚ (MZA.)
 QUILMES A.C. - SAN TELMO
 SAN MIGUEL - COLEGIALES
 AT. DE RAFAELA - DEF. DE BELGRANO
 ACASSUSO - F.C. MIDLAND
 Fecha 26 - 08/08/2026 
 CDAD. DE BOLÍVAR - RACING (CBA.)
 DEF. DE BELGRANO - ALTE. BROWN
 DEP. MADRYN - MITRE (S.E.)
 CTRAL. NORTE (S.) - ESTUDIANTES
 FERRO CARRIL OESTE - ALL BOYS
 CHACO FOR EVER - LOS ANDES
 ACASSUSO - GODOY CRUZ (MZA.)
 SAN TELMO - DEP. MORÓN
 SAN MIGUEL - COLÓN
 Fecha 27 - 15/08/2026 
 RACING (CBA.) - COLÓN
 DEP. MORÓN - SAN MIGUEL
 GODOY CRUZ (MZA.) - SAN TELMO
 LOS ANDES - ACASSUSO
 ALL BOYS - CHACO FOR EVER
 ESTUDIANTES - FERRO CARRIL OESTE
 MITRE (S.E.) - CTRAL. NORTE (S.)
 ALTE. BROWN - DEP. MADRYN
 CDAD. DE BOLÍVAR - DEF. DE BELGRANO
 Fecha 28 - 22/08/2026 
 DEF. DE BELGRANO - RACING (CBA.)
 DEP. MADRYN - CDAD. DE BOLÍVAR
 CTRAL. NORTE (S.) - ALTE. BROWN
 FERRO CARRIL OESTE - MITRE (S.E.)
 CHACO FOR EVER - ESTUDIANTES
 ACASSUSO - ALL BOYS
 SAN TELMO - LOS ANDES
 SAN MIGUEL - GODOY CRUZ (MZA.)
 COLÓN - DEP. MORÓN
 Fecha 29 - 29/08/2026 
 RACING (CBA.) - DEP. MORÓN
 GODOY CRUZ (MZA.) - COLÓN
 LOS ANDES - SAN MIGUEL
 ALL BOYS - SAN TELMO
 ESTUDIANTES - ACASSUSO
 MITRE (S.E.) - CHACO FOR EVER
 ALTE. BROWN - FERRO CARRIL OESTE
 CDAD. DE BOLÍVAR - CTRAL. NORTE (S.)
 DEF. DE BELGRANO - DEP. MADRYN
 Fecha 30 - 05/09/2026 
 DEP. MADRYN - RACING (CBA.)
 CTRAL. NORTE (S.) - DEF. DE BELGRANO
 FERRO CARRIL OESTE - CDAD. DE BOLÍVAR
 CHACO FOR EVER - ALTE. BROWN
 ACASSUSO - MITRE (S.E.)
 SAN TELMO - ESTUDIANTES
 SAN MIGUEL - ALL BOYS
 COLÓN - LOS ANDES
 DEP. MORÓN - GODOY CRUZ (MZA.)
 Fecha 31 - 12/09/2026 
 RACING (CBA.) - GODOY CRUZ (MZA.)
 LOS ANDES - DEP. MORÓN
 ALL BOYS - COLÓN
 ESTUDIANTES - SAN MIGUEL
 MITRE (S.E.) - SAN TELMO
 ALTE. BROWN - ACASSUSO
 CDAD. DE BOLÍVAR - CHACO FOR EVER
 DEF. DE BELGRANO - FERRO CARRIL OESTE
 DEP. MADRYN - CTRAL. NORTE (S.)
 Fecha 32 - 19/09/2026 
 CTRAL. NORTE (S.) - RACING (CBA.)
 FERRO CARRIL OESTE - DEP. MADRYN
 CHACO FOR EVER - DEF. DE BELGRANO
 ACASSUSO - CDAD. DE BOLÍVAR
 SAN TELMO - ALTE. BROWN
 SAN MIGUEL - MITRE (S.E.)
 COLÓN - ESTUDIANTES
 DEP. MORÓN - ALL BOYS
 GODOY CRUZ (MZA.) - LOS ANDES
 Fecha 33 - 26/09/2026 
 RACING (CBA.) - LOS ANDES
 ALL BOYS - GODOY CRUZ (MZA.)
 ESTUDIANTES - DEP. MORÓN
 MITRE (S.E.) - COLÓN
 ALTE. BROWN - SAN MIGUEL
 CDAD. DE BOLÍVAR - SAN TELMO
 DEF. DE BELGRANO - ACASSUSO
 DEP. MADRYN - CHACO FOR EVER
 CTRAL. NORTE (S.) - FERRO CARRIL OESTE
 Fecha 34 - 03/10/2026 
 FERRO CARRIL OESTE - RACING (CBA.)
 CHACO FOR EVER - CTRAL. NORTE (S.)
 ACASSUSO - DEP. MADRYN
 SAN TELMO - DEF. DE BELGRANO
 SAN MIGUEL - CDAD. DE BOLÍVAR
 COLÓN - ALTE. BROWN
 DEP. MORÓN - MITRE (S.E.)
 GODOY CRUZ (MZA.) - ESTUDIANTES
 LOS ANDES - ALL BOYS
 Fecha 35 - 10/10/2026 
 RACING (CBA.) - ALL BOYS
 ESTUDIANTES - LOS ANDES
 MITRE (S.E.) - GODOY CRUZ (MZA.)
 ALTE. BROWN - DEP. MORÓN
 CDAD. DE BOLÍVAR - COLÓN
 DEF. DE BELGRANO - SAN MIGUEL
 DEP. MADRYN - SAN TELMO
 CTRAL. NORTE (S.) - ACASSUSO
 FERRO CARRIL OESTE - CHACO FOR EVER
 Fecha 36 - 17/10/2026 
 CHACO FOR EVER - RACING (CBA.)
 ACASSUSO - FERRO CARRIL OESTE
 SAN TELMO - CTRAL. NORTE (S.)
 SAN MIGUEL - DEP. MADRYN
 COLÓN - DEF. DE BELGRANO
 DEP. MORÓN - CDAD. DE BOLÍVAR
 GODOY CRUZ (MZA.) - ALTE. BROWN
 LOS ANDES - MITRE (S.E.)
 ALL BOYS - ESTUDIANTES
ZONA B
 Fecha 1 - 07/02/2026 
 G. Y ESGRIMA (J.) - F.C. MIDLAND
 ATLANTA - QUILMES A.C.
 G. Y TIRO (S.) - COLEGIALES
 SAN MARTÍN (T.) - PATRONATO (P.)
 AT. DE RAFAELA - ALMAGRO
 AGROPECUARIO ARG. - DEP. MAIPÚ (MZA.)
 T. SUÁREZ - TEMPERLEY
 GUEMES (S.E.) - NVA. CHICAGO
 CHACARITA JRS. - SAN MARTÍN (S.J.)
 Fecha 2 - 14/02/2026 
 CHACARITA JRS. - G. Y ESGRIMA (J.)
 SAN MARTÍN (S.J.) - GUEMES (S.E.)
 NVA. CHICAGO - T. SUÁREZ
 TEMPERLEY - AGROPECUARIO ARG.
 DEP. MAIPÚ (MZA.) - AT. DE RAFAELA
 ALMAGRO - SAN MARTÍN (T.)
 PATRONATO (P.) - G. Y TIRO (S.)
 COLEGIALES - ATLANTA
 QUILMES A.C. - F.C. MIDLAND
 Fecha 3 - 21/02/2026 
 G. Y ESGRIMA (J.) - QUILMES A.C.
 F.C. MIDLAND - COLEGIALES
 ATLANTA - PATRONATO (P.)
 G. Y TIRO (S.) - ALMAGRO
 SAN MARTÍN (T.) - DEP. MAIPÚ (MZA.)
 AT. DE RAFAELA - TEMPERLEY
 AGROPECUARIO ARG. - NVA. CHICAGO
 T. SUÁREZ - SAN MARTÍN (S.J.)
 GUEMES (S.E.) - CHACARITA JRS.
 Fecha 4 - 28/02/2026 
 GUEMES (S.E.) - G. Y ESGRIMA (J.)
 CHACARITA JRS. - T. SUÁREZ
 SAN MARTÍN (S.J.) - AGROPECUARIO ARG.
 NVA. CHICAGO - AT. DE RAFAELA
 TEMPERLEY - SAN MARTÍN (T.)
 DEP. MAIPÚ (MZA.) - G. Y TIRO (S.)
 ALMAGRO - ATLANTA
 PATRONATO (P.) - F.C. MIDLAND
 COLEGIALES - QUILMES A.C.
 Fecha 5 - 07/03/2026 
 G. Y ESGRIMA (J.) - COLEGIALES
 QUILMES A.C. - PATRONATO (P.)
 F.C. MIDLAND - ALMAGRO
 ATLANTA - DEP. MAIPÚ (MZA.)
 G. Y TIRO (S.) - TEMPERLEY
 SAN MARTÍN (T.) - NVA. CHICAGO
 AT. DE RAFAELA - SAN MARTÍN (S.J.)
 AGROPECUARIO ARG. - CHACARITA JRS.
 T. SUÁREZ - GUEMES (S.E.)
 Fecha 6 - 14/03/2026 
 T. SUÁREZ - G. Y ESGRIMA (J.)
 GUEMES (S.E.) - AGROPECUARIO ARG.
 CHACARITA JRS. - AT. DE RAFAELA
 SAN MARTÍN (S.J.) - SAN MARTÍN (T.)
 NVA. CHICAGO - G. Y TIRO (S.)
 TEMPERLEY - ATLANTA
 DEP. MAIPÚ (MZA.) - F.C. MIDLAND
 ALMAGRO - QUILMES A.C.
 PATRONATO (P.) - COLEGIALES
 Fecha 7 - 21/03/2026 
 NVA. CHICAGO - ALL BOYS
 ATLANTA - FERRO CARRIL OESTE
 DEP. MADRYN - SAN MARTÍN (T.)
 CHACO FOR EVER - G. Y ESGRIMA (J.)
 ALMAGRO - DEP. MORÓN
 CHACARITA JRS. - ESTUDIANTES
 SAN MARTÍN (S.J.) - RACING (CBA.)
 LOS ANDES - TEMPERLEY
 GUEMES (S.E.) - MITRE (S.E.)
 ALTE. BROWN - T. SUÁREZ
 CDAD. DE BOLÍVAR - AGROPECUARIO ARG.
 PATRONATO (P.) - COLÓN
 G. Y TIRO (S.) - CTRAL. NORTE (S.)
 DEP. MAIPÚ (MZA.) - GODOY CRUZ (MZA.)
 SAN TELMO - QUILMES A.C.
 COLEGIALES - SAN MIGUEL
 DEF. DE BELGRANO - AT. DE RAFAELA
 F.C. MIDLAND - ACASSUSO
 Fecha 8 - 28/03/2026 
 G. Y ESGRIMA (J.) - PATRONATO (P.)
 COLEGIALES - ALMAGRO
 QUILMES A.C. - DEP. MAIPÚ (MZA.)
 F.C. MIDLAND - TEMPERLEY
 ATLANTA - NVA. CHICAGO
 G. Y TIRO (S.) - SAN MARTÍN (S.J.)
 SAN MARTÍN (T.) - CHACARITA JRS.
 AT. DE RAFAELA - GUEMES (S.E.)
 AGROPECUARIO ARG. - T. SUÁREZ
 Fecha 9 - 04/04/2026 
 AGROPECUARIO ARG. - G. Y ESGRIMA (J.)
 T. SUÁREZ - AT. DE RAFAELA
 GUEMES (S.E.) - SAN MARTÍN (T.)
 CHACARITA JRS. - G. Y TIRO (S.)
 SAN MARTÍN (S.J.) - ATLANTA
 NVA. CHICAGO - F.C. MIDLAND
 TEMPERLEY - QUILMES A.C.
 DEP. MAIPÚ (MZA.) - COLEGIALES
 ALMAGRO - PATRONATO (P.)
 Fecha 10 - 11/04/2026 
 G. Y ESGRIMA (J.) - ALMAGRO
 PATRONATO (P.) - DEP. MAIPÚ (MZA.)
 COLEGIALES - TEMPERLEY
 QUILMES A.C. - NVA. CHICAGO
 F.C. MIDLAND - SAN MARTÍN (S.J.)
 ATLANTA - CHACARITA JRS.
 G. Y TIRO (S.) - GUEMES (S.E.)
 SAN MARTÍN (T.) - T. SUÁREZ
 AT. DE RAFAELA - AGROPECUARIO ARG.
 Fecha 11 - 18/04/2026 
 AT. DE RAFAELA - G. Y ESGRIMA (J.)
 AGROPECUARIO ARG. - SAN MARTÍN (T.)
 T. SUÁREZ - G. Y TIRO (S.)
 GUEMES (S.E.) - ATLANTA
 CHACARITA JRS. - F.C. MIDLAND
 SAN MARTÍN (S.J.) - QUILMES A.C.
 NVA. CHICAGO - COLEGIALES
 TEMPERLEY - PATRONATO (P.)
 DEP. MAIPÚ (MZA.) - ALMAGRO
 Fecha 12 - 25/04/2026 
 G. Y ESGRIMA (J.) - DEP. MAIPÚ (MZA.)
 ALMAGRO - TEMPERLEY
 PATRONATO (P.) - NVA. CHICAGO
 COLEGIALES - SAN MARTÍN (S.J.)
 QUILMES A.C. - CHACARITA JRS.
 F.C. MIDLAND - GUEMES (S.E.)
 ATLANTA - T. SUÁREZ
 G. Y TIRO (S.) - AGROPECUARIO ARG.
 SAN MARTÍN (T.) - AT. DE RAFAELA
 Fecha 13 - 02/05/2026 
 SAN MARTÍN (T.) - G. Y ESGRIMA (J.)
 AT. DE RAFAELA - G. Y TIRO (S.)
 AGROPECUARIO ARG. - ATLANTA
 T. SUÁREZ - F.C. MIDLAND
 GUEMES (S.E.) - QUILMES A.C.
 CHACARITA JRS. - COLEGIALES
 SAN MARTÍN (S.J.) - PATRONATO (P.)
 NVA. CHICAGO - ALMAGRO
 TEMPERLEY - DEP. MAIPÚ (MZA.)
 Fecha 14 - 09/05/2026 
 G. Y ESGRIMA (J.) - TEMPERLEY
 DEP. MAIPÚ (MZA.) - NVA. CHICAGO
 ALMAGRO - SAN MARTÍN (S.J.)
 PATRONATO (P.) - CHACARITA JRS.
 COLEGIALES - GUEMES (S.E.)
 QUILMES A.C. - T. SUÁREZ
 F.C. MIDLAND - AGROPECUARIO ARG.
 ATLANTA - AT. DE RAFAELA
 G. Y TIRO (S.) - SAN MARTÍN (T.)
 Fecha 15 - 16/05/2026 
 G. Y TIRO (S.) - G. Y ESGRIMA (J.)
 SAN MARTÍN (T.) - ATLANTA
 AT. DE RAFAELA - F.C. MIDLAND
 AGROPECUARIO ARG. - QUILMES A.C.
 T. SUÁREZ - COLEGIALES
 GUEMES (S.E.) - PATRONATO (P.)
 CHACARITA JRS. - ALMAGRO
 SAN MARTÍN (S.J.) - DEP. MAIPÚ (MZA.)
 NVA. CHICAGO - TEMPERLEY
 Fecha 16 - 23/05/2026 
 G. Y ESGRIMA (J.) - NVA. CHICAGO
 TEMPERLEY - SAN MARTÍN (S.J.)
 DEP. MAIPÚ (MZA.) - CHACARITA JRS.
 ALMAGRO - GUEMES (S.E.)
 PATRONATO (P.) - T. SUÁREZ
 COLEGIALES - AGROPECUARIO ARG.
 QUILMES A.C. - AT. DE RAFAELA
 F.C. MIDLAND - SAN MARTÍN (T.)
 ATLANTA - G. Y TIRO (S.)
 Fecha 17 - 30/05/2026 
 ATLANTA - G. Y ESGRIMA (J.)
 G. Y TIRO (S.) - F.C. MIDLAND
 SAN MARTÍN (T.) - QUILMES A.C.
 AT. DE RAFAELA - COLEGIALES
 AGROPECUARIO ARG. - PATRONATO (P.)
 T. SUÁREZ - ALMAGRO
 GUEMES (S.E.) - DEP. MAIPÚ (MZA.)
 CHACARITA JRS. - TEMPERLEY
 SAN MARTÍN (S.J.) - NVA. CHICAGO
 Fecha 18 - 06/06/2026 
 G. Y ESGRIMA (J.) - SAN MARTÍN (S.J.)
 NVA. CHICAGO - CHACARITA JRS.
 TEMPERLEY - GUEMES (S.E.)
 DEP. MAIPÚ (MZA.) - T. SUÁREZ
 ALMAGRO - AGROPECUARIO ARG.
 PATRONATO (P.) - AT. DE RAFAELA
 COLEGIALES - SAN MARTÍN (T.)
 QUILMES A.C. - G. Y TIRO (S.)
 F.C. MIDLAND - ATLANTA
 Fecha 19 - 20/06/2026 
 F.C. MIDLAND - G. Y ESGRIMA (J.)
 QUILMES A.C. - ATLANTA
 COLEGIALES - G. Y TIRO (S.)
 PATRONATO (P.) - SAN MARTÍN (T.)
 ALMAGRO - AT. DE RAFAELA
 DEP. MAIPÚ (MZA.) - AGROPECUARIO ARG.
 TEMPERLEY - T. SUÁREZ
 NVA. CHICAGO - GUEMES (S.E.)
 SAN MARTÍN (S.J.) - CHACARITA JRS.
 Fecha 20 - 27/06/2026 
 G. Y ESGRIMA (J.) - CHACARITA JRS.
 GUEMES (S.E.) - SAN MARTÍN (S.J.)
 T. SUÁREZ - NVA. CHICAGO
 AGROPECUARIO ARG. - TEMPERLEY
 AT. DE RAFAELA - DEP. MAIPÚ (MZA.)
 SAN MARTÍN (T.) - ALMAGRO
 G. Y TIRO (S.) - PATRONATO (P.)
 ATLANTA - COLEGIALES
 F.C. MIDLAND - QUILMES A.C.
 Fecha 21 - 04/07/2026 
 QUILMES A.C. - G. Y ESGRIMA (J.)
 COLEGIALES - F.C. MIDLAND
 PATRONATO (P.) - ATLANTA
 ALMAGRO - G. Y TIRO (S.)
 DEP. MAIPÚ (MZA.) - SAN MARTÍN (T.)
 TEMPERLEY - AT. DE RAFAELA
 NVA. CHICAGO - AGROPECUARIO ARG.
 SAN MARTÍN (S.J.) - T. SUÁREZ
 CHACARITA JRS. - GUEMES (S.E.)
 Fecha 22 - 11/07/2026 
 G. Y ESGRIMA (J.) - GUEMES (S.E.)
 T. SUÁREZ - CHACARITA JRS.
 AGROPECUARIO ARG. - SAN MARTÍN (S.J.)
 AT. DE RAFAELA - NVA. CHICAGO
 SAN MARTÍN (T.) - TEMPERLEY
 G. Y TIRO (S.) - DEP. MAIPÚ (MZA.)
 ATLANTA - ALMAGRO
 F.C. MIDLAND - PATRONATO (P.)
 QUILMES A.C. - COLEGIALES
 Fecha 23 - 18/07/2026 
 COLEGIALES - G. Y ESGRIMA (J.)
 PATRONATO (P.) - QUILMES A.C.
 ALMAGRO - F.C. MIDLAND
 DEP. MAIPÚ (MZA.) - ATLANTA
 TEMPERLEY - G. Y TIRO (S.)
 NVA. CHICAGO - SAN MARTÍN (T.)
 SAN MARTÍN (S.J.) - AT. DE RAFAELA
 CHACARITA JRS. - AGROPECUARIO ARG.
 GUEMES (S.E.) - T. SUÁREZ
 Fecha 24 - 25/07/2026 
 G. Y ESGRIMA (J.) - T. SUÁREZ
 AGROPECUARIO ARG. - GUEMES (S.E.)
 AT. DE RAFAELA - CHACARITA JRS.
 SAN MARTÍN (T.) - SAN MARTÍN (S.J.)
 G. Y TIRO (S.) - NVA. CHICAGO
 ATLANTA - TEMPERLEY
 F.C. MIDLAND - DEP. MAIPÚ (MZA.)
 QUILMES A.C. - ALMAGRO
 COLEGIALES - PATRONATO (P.)
 Fecha 25 - 01/08/2026 
 ALL BOYS - NVA. CHICAGO
 FERRO CARRIL OESTE - ATLANTA
 SAN MARTÍN (T.) - DEP. MADRYN
 G. Y ESGRIMA (J.) - CHACO FOR EVER
 DEP. MORÓN - ALMAGRO
 ESTUDIANTES - CHACARITA JRS.
 RACING (CBA.) - SAN MARTÍN (S.J.)
 TEMPERLEY - LOS ANDES
 MITRE (S.E.) - GUEMES (S.E.)
 T. SUÁREZ - ALTE. BROWN
 AGROPECUARIO ARG. - CDAD. DE BOLÍVAR
 COLÓN - PATRONATO (P.)
 CTRAL. NORTE (S.) - G. Y TIRO (S.)
 GODOY CRUZ (MZA.) - DEP. MAIPÚ (MZA.)
 QUILMES A.C. - SAN TELMO
 SAN MIGUEL - COLEGIALES
 AT. DE RAFAELA - DEF. DE BELGRANO
 ACASSUSO - F.C. MIDLAND
 Fecha 26 - 08/08/2026 
 PATRONATO (P.) - G. Y ESGRIMA (J.)
 ALMAGRO - COLEGIALES
 DEP. MAIPÚ (MZA.) - QUILMES A.C.
 TEMPERLEY - F.C. MIDLAND
 NVA. CHICAGO - ATLANTA
 SAN MARTÍN (S.J.) - G. Y TIRO (S.)
 CHACARITA JRS. - SAN MARTÍN (T.)
 GUEMES (S.E.) - AT. DE RAFAELA
 T. SUÁREZ - AGROPECUARIO ARG.
 Fecha 27 - 15/08/2026 
 G. Y ESGRIMA (J.) - AGROPECUARIO ARG.
 AT. DE RAFAELA - T. SUÁREZ
 SAN MARTÍN (T.) - GUEMES (S.E.)
 G. Y TIRO (S.) - CHACARITA JRS.
 ATLANTA - SAN MARTÍN (S.J.)
 F.C. MIDLAND - NVA. CHICAGO
 QUILMES A.C. - TEMPERLEY
 COLEGIALES - DEP. MAIPÚ (MZA.)
 PATRONATO (P.) - ALMAGRO
 Fecha 28 - 22/08/2026 
 ALMAGRO - G. Y ESGRIMA (J.)
 DEP. MAIPÚ (MZA.) - PATRONATO (P.)
 TEMPERLEY - COLEGIALES
 NVA. CHICAGO - QUILMES A.C.
 SAN MARTÍN (S.J.) - F.C. MIDLAND
 CHACARITA JRS. - ATLANTA
 GUEMES (S.E.) - G. Y TIRO (S.)
 T. SUÁREZ - SAN MARTÍN (T.)
 AGROPECUARIO ARG. - AT. DE RAFAELA
 Fecha 29 - 29/08/2026 
 G. Y ESGRIMA (J.) - AT. DE RAFAELA
 SAN MARTÍN (T.) - AGROPECUARIO ARG.
 G. Y TIRO (S.) - T. SUÁREZ
 ATLANTA - GUEMES (S.E.)
 F.C. MIDLAND - CHACARITA JRS.
 QUILMES A.C. - SAN MARTÍN (S.J.)
 COLEGIALES - NVA. CHICAGO
 PATRONATO (P.) - TEMPERLEY
 ALMAGRO - DEP. MAIPÚ (MZA.)
 Fecha 30 - 05/09/2026 
 DEP. MAIPÚ (MZA.) - G. Y ESGRIMA (J.)
 TEMPERLEY - ALMAGRO
 NVA. CHICAGO - PATRONATO (P.)
 SAN MARTÍN (S.J.) - COLEGIALES
 CHACARITA JRS. - QUILMES A.C.
 GUEMES (S.E.) - F.C. MIDLAND
 T. SUÁREZ - ATLANTA
 AGROPECUARIO ARG. - G. Y TIRO (S.)
 AT. DE RAFAELA - SAN MARTÍN (T.)
 Fecha 31 - 12/09/2026 
 G. Y ESGRIMA (J.) - SAN MARTÍN (T.)
 G. Y TIRO (S.) - AT. DE RAFAELA
 ATLANTA - AGROPECUARIO ARG.
 F.C. MIDLAND - T. SUÁREZ
 QUILMES A.C. - GUEMES (S.E.)
 COLEGIALES - CHACARITA JRS.
 PATRONATO (P.) - SAN MARTÍN (S.J.)
 ALMAGRO - NVA. CHICAGO
 DEP. MAIPÚ (MZA.) - TEMPERLEY
 Fecha 32 - 19/09/2026 
 TEMPERLEY - G. Y ESGRIMA (J.)
 NVA. CHICAGO - DEP. MAIPÚ (MZA.)
 SAN MARTÍN (S.J.) - ALMAGRO
 CHACARITA JRS. - PATRONATO (P.)
 GUEMES (S.E.) - COLEGIALES
 T. SUÁREZ - QUILMES A.C.
 AGROPECUARIO ARG. - F.C. MIDLAND
 AT. DE RAFAELA - ATLANTA
 SAN MARTÍN (T.) - G. Y TIRO (S.)
 Fecha 33 - 26/09/2026 
 G. Y ESGRIMA (J.) - G. Y TIRO (S.)
 ATLANTA - SAN MARTÍN (T.)
 F.C. MIDLAND - AT. DE RAFAELA
 QUILMES A.C. - AGROPECUARIO ARG.
 COLEGIALES - T. SUÁREZ
 PATRONATO (P.) - GUEMES (S.E.)
 ALMAGRO - CHACARITA JRS.
 DEP. MAIPÚ (MZA.) - SAN MARTÍN (S.J.)
 TEMPERLEY - NVA. CHICAGO
 Fecha 34 - 03/10/2026 
 NVA. CHICAGO - G. Y ESGRIMA (J.)
 SAN MARTÍN (S.J.) - TEMPERLEY
 CHACARITA JRS. - DEP. MAIPÚ (MZA.)
 GUEMES (S.E.) - ALMAGRO
 T. SUÁREZ - PATRONATO (P.)
 AGROPECUARIO ARG. - COLEGIALES
 AT. DE RAFAELA - QUILMES A.C.
 SAN MARTÍN (T.) - F.C. MIDLAND
 G. Y TIRO (S.) - ATLANTA
 Fecha 35 - 10/10/2026 
 G. Y ESGRIMA (J.) - ATLANTA
 F.C. MIDLAND - G. Y TIRO (S.)
 QUILMES A.C. - SAN MARTÍN (T.)
 COLEGIALES - AT. DE RAFAELA
 PATRONATO (P.) - AGROPECUARIO ARG.
 ALMAGRO - T. SUÁREZ
 DEP. MAIPÚ (MZA.) - GUEMES (S.E.)
 TEMPERLEY - CHACARITA JRS.
 NVA. CHICAGO - SAN MARTÍN (S.J.)
 Fecha 36 - 17/10/2026 
 SAN MARTÍN (S.J.) - G. Y ESGRIMA (J.)
 CHACARITA JRS. - NVA. CHICAGO
 GUEMES (S.E.) - TEMPERLEY
 T. SUÁREZ - DEP. MAIPÚ (MZA.)
 AGROPECUARIO ARG. - ALMAGRO
 AT. DE RAFAELA - PATRONATO (P.)
 SAN MARTÍN (T.) - COLEGIALES
 G. Y TIRO (S.) - QUILMES A.C.
 ATLANTA - F.C. MIDLAND
Primera B 2026
Fecha 1 - 07/02/2026 
 Ituzaingó - Dep. Armenio 
 Flandria - Brown (Adrogué) 
 Argentino de Quilmes - Dep. Laferrere 
 Def. Unidos - Talleres (RE) 
 Comunicaciones - Argentino de Merlo 
 Dock Sud - Arsenal 
 Dep. Merlo - Excursionistas 
 Camioneros - Villa Dálmine 
 Sportivo Italiano - UAI Urquiza 
 San Martín (B) - Real Pilar 
 Villa San Carlos - Liniers
Fecha 2 - 14/02/2026
 Villa San Carlos - Ituzaingó 
 Liniers - San Martín (B) 
 Real Pilar - Sportivo Italiano 
 UAI Urquiza - Camioneros 
 Villa Dálmine - Dep. Merlo
 Excursionistas - Dock Sud 
 Arsenal - Comunicaciones 
 Argentino de Merlo - Def. Unidos 
 Talleres (RE) - Argentino de Quilmes 
 Dep. Laferrere – Flandria
 Brown (Adrogué) - Dep. Armenio
Fecha 3 - 17/02/2026
 Ituzaingó - Brown (Adrogué) 
 Dep. Armenio - Dep. Laferrere 
 Flandria - Talleres (RE)
 Argentino de Quilmes - Argentino de Merlo 
 Def. Unidos - Arsenal 
 Comunicaciones - Excursionistas 
 Dock Sud - Villa Dálmine 
 Dep. Merlo - UAI Urquiza 
 Camioneros - Real Pilar 
 Sportivo Italiano - Liniers 
 San Martín (B) - Villa San Carlos
Fecha 4 - 21/02/2026 
 San Martín (B) – Ituzaingó
 Villa San Carlos - Sportivo Italiano 
 Liniers - Camioneros 
 Real Pilar - Dep. Merlo 
 UAI Urquiza - Dock Sud 
 Villa Dálmine - Comunicaciones 
 Excursionistas - Def. Unidos 
 Arsenal - Argentino de Quilmes 
 Argentino de Merlo - Flandria 
 Talleres (RE) - Dep. Armenio 
 Dep. Laferrere - Brown (Adrogué)
Fecha 5 - 28/02/2026 
 Ituzaingó - Dep. Laferrere
 Brown (Adrogué) - Talleres (RE) 
 Dep. Armenio - Argentino de Merlo 
 Flandria - Arsenal 
 Argentino de Quilmes - Excursionistas 
 Def. Unidos - Villa Dálmine
 Comunicaciones - UAI Urquiza 
 Dock Sud - Real Pilar 
 Dep. Merlo - Liniers 
 Camioneros - Villa San Carlos 
 Sportivo Italiano - San Martín (B)
Fecha 6 - 07/03/2026 
 Sportivo Italiano - Ituzaingó 
 San Martín (B) - Camioneros 
 Villa San Carlos - Dep. Merlo 
 Liniers - Dock Sud 
 Real Pilar - Comunicaciones 
 UAI Urquiza - Def. Unidos 
 Villa Dálmine - Argentino de Quilmes 
 Excursionistas - Flandria 
 Arsenal - Dep. Armenio 
 Argentino de Merlo - Brown (Adrogué) 
 Talleres (RE) - Dep. Laferrere
Fecha 7 - 14/03/2026 
 Ituzaingó - Talleres (RE) 
 Dep. Laferrere - Argentino de Merlo 
 Brown (Adrogué) - Arsenal 
 Dep. Armenio – Excursionistas
 Flandria - Villa Dálmine 
 Argentino de Quilmes - UAI Urquiza 
 Def. Unidos - Real Pilar 
 Comunicaciones - Liniers 
 Dock Sud - Villa San Carlos 
 Dep. Merlo - San Martín (B) 
 Camioneros - Sportivo Italiano
Fecha 8 - 21/03/2026 
 Camioneros - Ituzaingó 
 Sportivo Italiano - Dep. Merlo 
 San Martín (B) - Dock Sud 
 Villa San Carlos - Comunicaciones 
 Liniers - Def. Unidos
 Real Pilar - Argentino de Quilmes 
 UAI Urquiza - Flandria 
 Villa Dálmine - Dep. Armenio 
 Excursionistas - Brown (Adrogué) 
 Arsenal - Dep. Laferrere 
 Argentino de Merlo - Talleres (RE)
Fecha 9 - 28/03/2026 
 Ituzaingó - Argentino de Merlo 
 Talleres (RE) - Arsenal 
 Dep. Laferrere - Excursionistas 
 Brown (Adrogué) - Villa Dálmine 
 Dep. Armenio - UAI Urquiza 
 Flandria - Real Pilar 
 Argentino de Quilmes - Liniers 
 Def. Unidos - Villa San Carlos 
 Comunicaciones - San Martín (B) 
 Dock Sud - Sportivo Italiano 
 Dep. Merlo - Camioneros
Fecha 10 - 04/04/2026 
 Dep. Merlo - Ituzaingó 
 Camioneros - Dock Sud 
 Sportivo Italiano - Comunicaciones 
 San Martín (B) - Def. Unidos 
 Villa San Carlos - Argentino de Quilmes 
 Liniers - Flandria 
 Real Pilar - Dep. Armenio 
 UAI Urquiza - Brown (Adrogué) 
 Villa Dálmine - Dep. Laferrere 
 Excursionistas - Talleres (RE) 
 Arsenal - Argentino de Merlo
Fecha 11 - 07/04/2026 
 Ituzaingó - Arsenal 
 Argentino de Merlo - Excursionistas 
 Talleres (RE) - Villa Dálmine 
 Dep. Laferrere - UAI Urquiza 
 Brown (Adrogué) - Real Pilar 
 Dep. Armenio - Liniers 
 Flandria - Villa San Carlos 
 Argentino de Quilmes - San Martín (B) 
 Def. Unidos - Sportivo Italiano 
 Comunicaciones - Camioneros 
 Dock Sud - Dep. Merlo
Fecha 12 - 11/04/2026 
 Dock Sud - Ituzaingó 
 Dep. Merlo – Comunicaciones
 Camioneros - Def. Unidos 
 Sportivo Italiano - Argentino de Quilmes 
 San Martín (B) - Flandria 
 Villa San Carlos - Dep. Armenio
 Liniers - Brown (Adrogué) 
 Real Pilar - Dep. Laferrere 
 UAI Urquiza - Talleres (RE) 
 Villa Dálmine - Argentino de Merlo 
 Excursionistas - Arsenal
Fecha 13 - 18/04/2026 
 Ituzaingó - Excursionistas 
 Arsenal - Villa Dálmine 
 Argentino de Merlo - UAI Urquiza 
 Talleres (RE) - Real Pilar 
 Dep. Laferrere - Liniers 
 Brown (Adrogué) - Villa San Carlos 
 Dep. Armenio - San Martín (B) 
 Flandria - Sportivo Italiano 
 Argentino de Quilmes - Camioneros 
 Def. Unidos - Dep. Merlo 
 Comunicaciones - Dock Sud
Fecha 14 - 25/04/2026 
 Comunicaciones - Ituzaingó 
 Dock Sud - Def. Unidos 
 Dep. Merlo - Argentino de Quilmes 
 Camioneros - Flandria 
 Sportivo Italiano - Dep. Armenio 
 San Martín (B) - Brown (Adrogué) 
 Villa San Carlos - Dep. Laferrere 
 Liniers - Talleres (RE) 
 Real Pilar - Argentino de Merlo 
 UAI Urquiza - Arsenal 
 Villa Dálmine - Excursionistas
Fecha 15 - 02/05/2026 
 Ituzaingó - Villa Dálmine 
 Excursionistas - UAI Urquiza 
 Arsenal - Real Pilar 
 Argentino de Merlo - Liniers 
 Talleres (RE) - Villa San Carlos 
 Dep. Laferrere - San Martín (B) 
 Brown (Adrogué) - Sportivo Italiano 
 Dep. Armenio - Camioneros 
 Flandria - Dep. Merlo 
 Argentino de Quilmes - Dock Sud 
 Def. Unidos - Comunicaciones
Fecha 16 - 09/05/2026 
 Def. Unidos - Ituzaingó 
 Comunicaciones - Argentino de Quilmes 
 Dock Sud - Flandria 
 Dep. Merlo - Dep. Armenio 
 Camioneros - Brown (Adrogué) 
 Sportivo Italiano - Dep. Laferrere 
 San Martín (B) - Talleres (RE) 
 Villa San Carlos - Argentino de Merlo 
 Liniers - Arsenal 
 Real Pilar - Excursionistas 
 UAI Urquiza - Villa Dálmine
Fecha 17 - 16/05/2026 
 Ituzaingó - UAI Urquiza 
 Villa Dálmine - Real Pilar 
 Excursionistas - Liniers 
 Arsenal - Villa San Carlos 
 Argentino de Merlo - San Martín (B) 
 Talleres (RE) - Sportivo Italiano 
 Dep. Laferrere - Camioneros 
 Brown (Adrogué) - Dep. Merlo 
 Dep. Armenio - Dock Sud 
 Flandria - Comunicaciones 
 Argentino de Quilmes - Def. Unidos
Fecha 18 - 23/05/2026 
 Argentino de Quilmes - Ituzaingó 
 Def. Unidos - Flandria 
 Comunicaciones - Dep. Armenio 
 Dock Sud - Brown (Adrogué) 
 Dep. Merlo - Dep. Laferrere 
 Camioneros - Talleres (RE) 
 Sportivo Italiano - Argentino de Merlo 
 San Martín (B) - Arsenal 
 Villa San Carlos - Excursionistas 
 Liniers - Villa Dálmine 
 Real Pilar - UAI Urquiza
Fecha 19 - 30/05/2026 
 Ituzaingó - Real Pilar 
 UAI Urquiza - Liniers 
 Villa Dálmine - Villa San Carlos
 Excursionistas - San Martín (B) 
 Arsenal - Sportivo Italiano 
 Argentino de Merlo - Camioneros 
 Talleres (RE) - Dep. Merlo 
 Dep. Laferrere - Dock Sud 
 Brown (Adrogué) - Comunicaciones 
 Dep. Armenio - Def. Unidos 
 Flandria - Argentino de Quilmes
Fecha 20 - 06/06/2026 
 Flandria - Ituzaingó 
 Argentino de Quilmes - Dep. Armenio 
 Def. Unidos - Brown (Adrogué) 
 Comunicaciones - Dep. Laferrere 
 Dock Sud - Talleres (RE) 
 Dep. Merlo - Argentino de Merlo 
 Camioneros - Arsenal 
 Sportivo Italiano - Excursionistas 
 San Martín (B) - Villa Dálmine 
 Villa San Carlos - UAI Urquiza 
 Liniers - Real Pilar
Fecha 21 - 13/06/2026 
 Ituzaingó - Liniers 
 Real Pilar - Villa San Carlos 
 UAI Urquiza - San Martín (B) 
 Villa Dálmine - Sportivo Italiano 
 Excursionistas – Camioneros
 Arsenal - Dep. Merlo 
 Argentino de Merlo - Dock Sud 
 Talleres (RE) – Comunicaciones
 Dep. Laferrere - Def. Unidos 
 Brown (Adrogué) - Argentino de Quilmes
 Dep. Armenio - Flandria
Fecha 22 - 20/06/2026 
 Dep. Armenio – Ituzaingó 
 Brown (Adrogué) - Flandria 
 Dep. Laferrere - Argentino de Quilmes 
 Talleres (RE) - Def. Unidos 
 Argentino de Merlo - Comunicaciones 
 Arsenal - Dock Sud 
 Excursionistas - Dep. Merlo 
 Villa Dálmine - Camioneros 
 UAI Urquiza - Sportivo Italiano 
 Real Pilar - San Martín (B) 
 Liniers - Villa San Carlos
Fecha 23 - 27/06/2026 
 Ituzaingó - Villa San Carlos 
 San Martín (B) - Liniers 
 Sportivo Italiano - Real Pilar 
 Camioneros - UAI Urquiza 
 Dep. Merlo - Villa Dálmine 
 Dock Sud - Excursionistas 
 Comunicaciones - Arsenal 
 Def. Unidos - Argentino de Merlo 
 Argentino de Quilmes - Talleres (RE) 
 Flandria - Dep. Laferrere 
 Dep. Armenio - Brown (Adrogué)
Fecha 24 - 30/06/2026 
 Brown (Adrogué) - Ituzaingó 
 Dep. Laferrere - Dep. Armenio 
 Talleres (RE) - Flandria 
 Argentino de Merlo - Argentino de Quilmes 
 Arsenal - Def. Unidos 
 Excursionistas - Comunicaciones 
 Villa Dálmine - Dock Sud 
 UAI Urquiza - Dep. Merlo 
 Real Pilar - Camioneros 
 Liniers - Sportivo Italiano 
 Villa San Carlos - San Martín (B)
Fecha 25 - 04/07/2026 
 Ituzaingó - San Martín (B) 
 Sportivo Italiano - Villa San Carlos
 Camioneros - Liniers 
 Dep. Merlo - Real Pilar 
 Dock Sud - UAI Urquiza 
 Comunicaciones - Villa Dálmine 
 Def. Unidos - Excursionistas 
 Argentino de Quilmes - Arsenal 
 Flandria - Argentino de Merlo 
 Dep. Armenio - Talleres (RE) 
 Brown (Adrogué) - Dep. Laferrere
Fecha 26 - 11/07/2026 
 Dep. Laferrere - Ituzaingó 
 Talleres (RE) - Brown (Adrogué) 
 Argentino de Merlo - Dep. Armenio 
 Arsenal - Flandria 
 Excursionistas - Argentino de Quilmes
 Villa Dálmine - Def. Unidos 
 UAI Urquiza - Comunicaciones 
 Real Pilar - Dock Sud 
 Liniers - Dep. Merlo 
 Villa San Carlos - Camioneros 
 San Martín (B) - Sportivo Italiano
Fecha 27 - 18/07/2026 
 Ituzaingó - Sportivo Italiano 
 Camioneros - San Martín (B)
 Dep. Merlo - Villa San Carlos 
 Dock Sud - Liniers 
 Comunicaciones - Real Pilar 
 Def. Unidos - UAI Urquiza 
 Argentino de Quilmes - Villa Dálmine 
 Flandria – Excursionistas
 Dep. Armenio - Arsenal 
 Brown (Adrogué) - Argentino de Merlo 
 Dep. Laferrere - Talleres (RE)
Fecha 28 - 25/07/2026 
 Talleres (RE) - Ituzaingó 
 Argentino de Merlo - Dep. Laferrere 
 Arsenal - Brown (Adrogué) 
 Excursionistas - Dep. Armenio 
 Villa Dálmine - Flandria 
 UAI Urquiza - Argentino de Quilmes 
 Real Pilar - Def. Unidos 
 Liniers - Comunicaciones 
 Villa San Carlos - Dock Sud 
 San Martín (B) - Dep. Merlo 
 Sportivo Italiano - Camioneros
Fecha 29 - 01/08/2026 
 Ituzaingó - Camioneros 
 Dep. Merlo - Sportivo Italiano 
 Dock Sud - San Martín (B) 
 Comunicaciones - Villa San Carlos 
 Def. Unidos - Liniers 
 Argentino de Quilmes – Real Pilar 
 Flandria - UAI Urquiza 
 Dep. Armenio - Villa Dálmine 
 Brown (Adrogué) - Excursionistas 
 Dep. Laferrere - Arsenal 
 Talleres (RE) - Argentino de Merlo
Fecha 30 - 08/08/2026 
 Argentino de Merlo - Ituzaingó 
 Arsenal - Talleres (RE) 
 Excursionistas - Dep. Laferrere 
 Villa Dálmine - Brown (Adrogué) 
 UAI Urquiza - Dep. Armenio 
 Real Pilar - Flandria 
 Liniers - Argentino de Quilmes 
 Villa San Carlos - Def. Unidos 
 San Martín (B) - Comunicaciones 
 Sportivo Italiano - Dock Sud 
 Camioneros - Dep. Merlo
Fecha 31 - 15/08/2026
 Ituzaingó - Dep. Merlo 
 Dock Sud - Camioneros 
 Comunicaciones - Sportivo Italiano 
 Def. Unidos - San Martín (B) 
 Argentino de Quilmes - Villa San Carlos 
 Flandria - Liniers 
 Dep. Armenio - Real Pilar 
 Brown (Adrogué) - UAI Urquiza 
 Dep. Laferrere - Villa Dálmine 
 Talleres (RE) - Excursionistas 
 Argentino de Merlo - Arsenal
Fecha 32 - 18/08/2026 
 Arsenal - Ituzaingó 
 Excursionistas - Argentino de Merlo 
 Villa Dálmine - Talleres (RE) 
 UAI Urquiza - Dep. Laferrere 
 Real Pilar - Brown (Adrogué) 
 Liniers - Dep. Armenio 
 Villa San Carlos - Flandria 
 San Martín (B) - Argentino de Quilmes 
 Sportivo Italiano - Def. Unidos 
 Camioneros - Comunicaciones 
 Dep. Merlo - Dock Sud
Fecha 33 - 22/08/2026 
 Ituzaingó - Dock Sud 
 Comunicaciones - Dep. Merlo 
 Def. Unidos - Camioneros 
 Argentino de Quilmes - Sportivo Italiano 
 Flandria - San Martín (B) 
 Dep. Armenio - Villa San Carlos 
 Brown (Adrogué) - Liniers 
 Dep. Laferrere - Real Pilar 
 Talleres (RE) - UAI Urquiza 
 Argentino de Merlo - Villa Dálmine 
 Arsenal - Excursionistas
Fecha 34 - 29/08/2026 
 Excursionistas - Ituzaingó 
 Villa Dálmine - Arsenal 
 UAI Urquiza - Argentino de Merlo 
 Real Pilar - Talleres (RE) 
 Liniers - Dep. Laferrere 
 Villa San Carlos - Brown (Adrogué) 
 San Martín (B) - Dep. Armenio 
 Sportivo Italiano - Flandria 
 Camioneros - Argentino de Quilmes 
 Dep. Merlo - Def. Unidos 
 Dock Sud - Comunicaciones
Fecha 35 - 05/09/2026 
 Ituzaingó - Comunicaciones 
 Def. Unidos - Dock Sud 
 Argentino de Quilmes - Dep. Merlo 
 Flandria - Camioneros 
 Dep. Armenio - Sportivo Italiano 
 Brown (Adrogué) - San Martín (B) 
 Dep. Laferrere - Villa San Carlos 
 Talleres (RE) - Liniers 
 Argentino de Merlo - Real Pilar 
 Arsenal - UAI Urquiza 
 Excursionistas - Villa Dálmine
Fecha 36 - 12/09/2026 
 Villa Dálmine - Ituzaingó 
 UAI Urquiza - Excursionistas 
 Real Pilar - Arsenal 
 Liniers - Argentino de Merlo 
 Villa San Carlos - Talleres (RE) 
 San Martín (B) - Dep. Laferrere 
 Sportivo Italiano - Brown (Adrogué) 
 Camioneros - Dep. Armenio 
 Dep. Merlo - Flandria 
 Dock Sud - Argentino de Quilmes 
 Comunicaciones - Def. Unidos
Fecha 37 - 19/09/2026 
 Ituzaingó - Def. Unidos 
 Argentino de Quilmes - Comunicaciones 
 Flandria - Dock Sud 
 Dep. Armenio - Dep. Merlo 
 Brown (Adrogué) - Camioneros 
 Dep. Laferrere - Sportivo Italiano
 Talleres (RE) - San Martín (B) 
 Argentino de Merlo - Villa San Carlos 
 Arsenal - Liniers 
 Excursionistas - Real Pilar 
 Villa Dálmine - UAI Urquiza
Fecha 38 - 26/09/2026 
 UAI Urquiza - Ituzaingó 
 Real Pilar - Villa Dálmine 
 Liniers - Excursionistas 
 Villa San Carlos - Arsenal 
 San Martín (B) - Argentino de Merlo 
 Sportivo Italiano - Talleres (RE) 
 Camioneros - Dep. Laferrere 
 Dep. Merlo - Brown (Adrogué) 
 Dock Sud - Dep. Armenio 
 Comunicaciones - Flandria 
 Def. Unidos - Argentino de Quilmes
Fecha 39 - 03/10/2026 
 Ituzaingó - Argentino de Quilmes 
 Flandria - Def. Unidos 
 Dep. Armenio - Comunicaciones 
 Brown (Adrogué) - Dock Sud 
 Dep. Laferrere - Dep. Merlo 
 Talleres (RE) - Camioneros 
 Argentino de Merlo - Sportivo Italiano 
 Arsenal - San Martín (B) 
 Excursionistas - Villa San Carlos
 Villa Dálmine - Liniers 
 UAI Urquiza - Real Pilar
Fecha 40 - 10/10/2026 
 Real Pilar - Ituzaingó 
 Liniers - UAI Urquiza 
 Villa San Carlos - Villa Dálmine 
 San Martín (B) - Excursionistas 
 Sportivo Italiano - Arsenal 
 Camioneros - Argentino de Merlo 
 Dep. Merlo - Talleres (RE) 
 Dock Sud - Dep. Laferrere 
 Comunicaciones - Brown (Adrogué) 
 Def. Unidos - Dep. Armenio 
 Argentino de Quilmes - Flandria
Fecha 41 - 17/10/2026 
 Ituzaingó - Flandria 
 Dep. Armenio - Argentino de Quilmes 
 Brown (Adrogué) - Def. Unidos 
 Dep. Laferrere - Comunicaciones 
 Talleres (RE) - Dock Sud 
 Argentino de Merlo - Dep. Merlo 
 Arsenal - Camioneros 
 Excursionistas - Sportivo Italiano 
 Villa Dálmine - San Martín (B) 
 UAI Urquiza - Villa San Carlos 
 Real Pilar - Liniers
Fecha 42 - 24/10/2026 
 Liniers - Ituzaingó 
 Villa San Carlos - Real Pilar 
 San Martín (B) - UAI Urquiza 
 Sportivo Italiano - Villa Dálmine 
 Camioneros - Excursionistas 
 Dep. Merlo - Arsenal 
 Dock Sud - Argentino de Merlo 
 Comunicaciones - Talleres (RE) 
 Def. Unidos - Dep. Laferrere 
 Argentino de Quilmes - Brown (Adrogué) 
 Flandria - Dep. Armenio
Primera C
Así quedó conformado el fixture para la temporada 2026 de la Primera C:
ZONA A
 Fecha 1 - 21/02/2026
 LUGANO - SACACHISPAS F.C.
 ARGENTINO (R.) - J. UNIDA
 ESTRELLA DEL SUR - DEF. DE CAMBACERES
 BERAZATEGUI - L.N. ALEM
 V. ARENAS - PUERTO NUEVO
 CTRO. REC. ESPAÑOL - DEP. PARAGUAYO
 J.J. DE URQUIZA - MERCEDES
Fecha 2 - 28/02/2026
 J.J. DE URQUIZA - LUGANO
 MERCEDES - CTRO. REC. ESPAÑOL
 DEP. PARAGUAYO - V. ARENAS
 PUERTO NUEVO - BERAZATEGUI
 L.N. ALEM - ESTRELLA DEL SUR
 DEF. DE CAMBACERES - ARGENTINO (R.)
 J. UNIDA - SACACHISPAS F.C.
Fecha 3 - 07/03/2026
 LUGANO - J. UNIDA
 SACACHISPAS F.C. - DEF. DE CAMBACERES
 ARGENTINO (R.) - L.N. ALEM
 ESTRELLA DEL SUR - PUERTO NUEVO
 BERAZATEGUI - DEP. PARAGUAYO
 V. ARENAS - MERCEDES
 CTRO. REC. ESPAÑOL - J.J. DE URQUIZA
Fecha 4 - 14/03/2026
 ARGENTINO (R.) - YUPANQUI
 EL PORVENIR - MERCEDES
 V. ARENAS - DEP. ESPAÑOL
 CTRAL. BALLESTER - DEP. PARAGUAYO
 CTRO. REC. ESPAÑOL - LEONES F.C.
 GRAL. LAMADRID - DEF. DE CAMBACERES
 SACACHISPAS F.C. - ATLAS
 CTRAL. CÓRDOBA (R.) - BERAZATEGUI
 J. UNIDA - CLAYPOLE
 SP. BARRACAS - LUGANO
 PUERTO NUEVO - FÉNIX
 MUÑIZ - J.J. DE URQUIZA
 L.N. ALEM - CAÑUELAS F.C.
 LUJÁN - ESTRELLA DEL SUR
Fecha 5 - 21/03/2026
 CTRO. REC. ESPAÑOL - LUGANO
 J.J. DE URQUIZA - V. ARENAS
 MERCEDES - BERAZATEGUI
 DEP. PARAGUAYO - ESTRELLA DEL SUR
 PUERTO NUEVO - ARGENTINO (R.)
 L.N. ALEM - SACACHISPAS F.C.
 DEF. DE CAMBACERES - J. UNIDA
Fecha 6 - 28/03/2026
 LUGANO - DEF. DE CAMBACERES
 J. UNIDA - L.N. ALEM
 SACACHISPAS F.C. - PUERTO NUEVO
 ARGENTINO (R.) - DEP. PARAGUAYO
 ESTRELLA DEL SUR - MERCEDES
 BERAZATEGUI - J.J. DE URQUIZA
 V. ARENAS - CTRO. REC. ESPAÑOL
 Fecha 7 - 04/04/2026
 V. ARENAS - LUGANO
 CTRO. REC. ESPAÑOL - BERAZATEGUI
 J.J. DE URQUIZA - ESTRELLA DEL SUR
 MERCEDES - ARGENTINO (R.)
 DEP. PARAGUAYO - SACACHISPAS F.C.
 PUERTO NUEVO - J. UNIDA
 L.N. ALEM - DEF. DE CAMBACERES
Fecha 8 - 11/04/2026
 GRAL. LAMADRID - V. ARENAS
 CTRAL. CÓRDOBA (R.) - CTRO. REC. ESPAÑOL
 MERCEDES - CLAYPOLE
 YUPANQUI - PUERTO NUEVO
 J. UNIDA - MUÑIZ
 SP. BARRACAS - DEP. PARAGUAYO
 EL PORVENIR - J.J. DE URQUIZA
 ARGENTINO (R.) - ATLAS
 SACACHISPAS F.C. - DEP. ESPAÑOL
 LUJÁN - LUGANO
 DEF. DE CAMBACERES - LEONES F.C.
 L.N. ALEM - CTRAL. BALLESTER
 ESTRELLA DEL SUR - CAÑUELAS F.C.
 FÉNIX - BERAZATEGUI
Fecha 9 - 18/04/2026
 LUGANO - L.N. ALEM
 DEF. DE CAMBACERES - PUERTO NUEVO
 J. UNIDA - DEP. PARAGUAYO
 SACACHISPAS F.C. - MERCEDES
 ARGENTINO (R.) - J.J. DE URQUIZA
 ESTRELLA DEL SUR - CTRO. REC. ESPAÑOL
 BERAZATEGUI - V. ARENAS
Fecha 10 - 25/04/2026
 BERAZATEGUI - LUGANO
 V. ARENAS - ESTRELLA DEL SUR
 CTRO. REC. ESPAÑOL - ARGENTINO (R.)
 J.J. DE URQUIZA - SACACHISPAS F.C.
 MERCEDES - J. UNIDA
 DEP. PARAGUAYO - DEF. DE CAMBACERES
 PUERTO NUEVO - L.N. ALEM
Fecha 11 - 02/05/2026
 LUGANO - PUERTO NUEVO
 L.N. ALEM - DEP. PARAGUAYO
 DEF. DE CAMBACERES - MERCEDES
 J. UNIDA - J.J. DE URQUIZA
 SACACHISPAS F.C. - CTRO. REC. ESPAÑOL
 ARGENTINO (R.) - V. ARENAS
 ESTRELLA DEL SUR - BERAZATEGUI
 Fecha 12 - 09/05/2026
 ARGENTINO (R.) - CTRAL. CÓRDOBA (R.)
 ATLAS - BERAZATEGUI
 V. ARENAS - CAÑUELAS F.C.
 SP. BARRACAS - DEF. DE CAMBACERES
 LEONES F.C. - LUGANO
 PUERTO NUEVO - CTRAL. BALLESTER
 EL PORVENIR - J. UNIDA
 L.N. ALEM - MUÑIZ
 GRAL. LAMADRID - J.J. DE URQUIZA
 CTRO. REC. ESPAÑOL - FÉNIX
 YUPANQUI - ESTRELLA DEL SUR
 DEP. PARAGUAYO - LUJÁN
 DEP. ESPAÑOL - MERCEDES
 SACACHISPAS F.C. - CLAYPOLE
Fecha 13 - 16/05/2026
 ESTRELLA DEL SUR - LUGANO
 BERAZATEGUI - ARGENTINO (R.)
 V. ARENAS - SACACHISPAS F.C.
 CTRO. REC. ESPAÑOL - J. UNIDA
 J.J. DE URQUIZA - DEF. DE CAMBACERES
 MERCEDES - L.N. ALEM
 DEP. PARAGUAYO - PUERTO NUEVO
Fecha 14 - 23/05/2026
 LUGANO - DEP. PARAGUAYO
 PUERTO NUEVO - MERCEDES
 L.N. ALEM - J.J. DE URQUIZA
 DEF. DE CAMBACERES - CTRO. REC. ESPAÑOL
 J. UNIDA - V. ARENAS
 SACACHISPAS F.C. - BERAZATEGUI
 ARGENTINO (R.) - ESTRELLA DEL SUR
Fecha 15 - 30/05/2026
 ARGENTINO (R.) - LUGANO
 ESTRELLA DEL SUR - SACACHISPAS F.C.
 BERAZATEGUI - J. UNIDA
 V. ARENAS - DEF. DE CAMBACERES
 CTRO. REC. ESPAÑOL - L.N. ALEM
 J.J. DE URQUIZA - PUERTO NUEVO
 MERCEDES - DEP. PARAGUAYO
Fecha 16 - 06/06/2026
 LUGANO - MERCEDES
 DEP. PARAGUAYO - J.J. DE URQUIZA
 PUERTO NUEVO - CTRO. REC. ESPAÑOL
 L.N. ALEM - V. ARENAS
 DEF. DE CAMBACERES - BERAZATEGUI
 J. UNIDA - ESTRELLA DEL SUR
 SACACHISPAS F.C. - ARGENTINO (R.)
Fecha 17 - 27/06/2026
 SACACHISPAS F.C. - LUGANO
 J. UNIDA - ARGENTINO (R.)
 DEF. DE CAMBACERES - ESTRELLA DEL SUR
 L.N. ALEM - BERAZATEGUI
 PUERTO NUEVO - V. ARENAS
 DEP. PARAGUAYO - CTRO. REC. ESPAÑOL
 MERCEDES - J.J. DE URQUIZA
Fecha 18 - 04/07/2026
 LUGANO - J.J. DE URQUIZA
 CTRO. REC. ESPAÑOL - MERCEDES
 V. ARENAS - DEP. PARAGUAYO
 BERAZATEGUI - PUERTO NUEVO
 ESTRELLA DEL SUR - L.N. ALEM
 ARGENTINO (R.) - DEF. DE CAMBACERES
 SACACHISPAS F.C. - J. UNIDA
Fecha 19 - 11/07/2026
 J. UNIDA - LUGANO
 DEF. DE CAMBACERES - SACACHISPAS F.C.
 L.N. ALEM - ARGENTINO (R.)
 PUERTO NUEVO - ESTRELLA DEL SUR
 DEP. PARAGUAYO - BERAZATEGUI
 MERCEDES - V. ARENAS
 J.J. DE URQUIZA - CTRO. REC. ESPAÑOL
Fecha 20 - 18/07/2026
 YUPANQUI - ARGENTINO (R.)
 MERCEDES - EL PORVENIR
 DEP. ESPAÑOL - V. ARENAS
 DEP. PARAGUAYO - CTRAL. BALLESTER
 LEONES F.C. - CTRO. REC. ESPAÑOL
 DEF. DE CAMBACERES - GRAL. LAMADRID
 ATLAS - SACACHISPAS F.C.
 BERAZATEGUI - CTRAL. CÓRDOBA (R.)
 CLAYPOLE - J. UNIDA
 LUGANO - SP. BARRACAS
 FÉNIX - PUERTO NUEVO
 J.J. DE URQUIZA - MUÑIZ
 CAÑUELAS F.C. - L.N. ALEM
 ESTRELLA DEL SUR - LUJÁN
Fecha 21 - 25/07/2026
 LUGANO - CTRO. REC. ESPAÑOL
 V. ARENAS - J.J. DE URQUIZA
 BERAZATEGUI - MERCEDES
 ESTRELLA DEL SUR - DEP. PARAGUAYO
 ARGENTINO (R.) - PUERTO NUEVO
 SACACHISPAS F.C. - L.N. ALEM
 J. UNIDA - DEF. DE CAMBACERES
Fecha 22 - 01/08/2026
 DEF. DE CAMBACERES - LUGANO
 L.N. ALEM - J. UNIDA
 PUERTO NUEVO - SACACHISPAS F.C.
 DEP. PARAGUAYO - ARGENTINO (R.)
 MERCEDES - ESTRELLA DEL SUR
 J.J. DE URQUIZA - BERAZATEGUI
 CTRO. REC. ESPAÑOL - V. ARENAS
Fecha 23 - 08/08/2026
 LUGANO - V. ARENAS
 BERAZATEGUI - CTRO. REC. ESPAÑOL
 ESTRELLA DEL SUR - J.J. DE URQUIZA
 ARGENTINO (R.) - MERCEDES
 SACACHISPAS F.C. - DEP. PARAGUAYO
 J. UNIDA - PUERTO NUEVO
 DEF. DE CAMBACERES - L.N. ALEM
Fecha 24 - 15/08/2026
 V. ARENAS - GRAL. LAMADRID
 CTRO. REC. ESPAÑOL - CTRAL. CÓRDOBA (R.)
 CLAYPOLE - MERCEDES
 PUERTO NUEVO - YUPANQUI
 MUÑIZ - J. UNIDA
 DEP. PARAGUAYO - SP. BARRACAS
 J.J. DE URQUIZA - EL PORVENIR
 ATLAS - ARGENTINO (R.)
 DEP. ESPAÑOL - SACACHISPAS F.C.
 LUGANO - LUJÁN
 LEONES F.C. - DEF. DE CAMBACERES
 CTRAL. BALLESTER - L.N. ALEM
 CAÑUELAS F.C. - ESTRELLA DEL SUR
 BERAZATEGUI - FÉNIX
Fecha 25 - 22/08/2026
 L.N. ALEM - LUGANO
 PUERTO NUEVO - DEF. DE CAMBACERES
 DEP. PARAGUAYO - J. UNIDA
 MERCEDES - SACACHISPAS F.C.
 J.J. DE URQUIZA - ARGENTINO (R.)
 CTRO. REC. ESPAÑOL - ESTRELLA DEL SUR
 V. ARENAS - BERAZATEGUI
Fecha 26 - 29/08/2026
 LUGANO - BERAZATEGUI
 ESTRELLA DEL SUR - V. ARENAS
 ARGENTINO (R.) - CTRO. REC. ESPAÑOL
 SACACHISPAS F.C. - J.J. DE URQUIZA
 J. UNIDA - MERCEDES
 DEF. DE CAMBACERES - DEP. PARAGUAYO
 L.N. ALEM - PUERTO NUEVO
Fecha 27 - 05/09/2026
 PUERTO NUEVO - LUGANO
 DEP. PARAGUAYO - L.N. ALEM
 MERCEDES - DEF. DE CAMBACERES
 J.J. DE URQUIZA - J. UNIDA
 CTRO. REC. ESPAÑOL - SACACHISPAS F.C.
 V. ARENAS - ARGENTINO (R.)
 BERAZATEGUI - ESTRELLA DEL SUR
Fecha 28 - 12/09/2026
 CTRAL. CÓRDOBA (R.) - ARGENTINO (R.)
 BERAZATEGUI - ATLAS
 CAÑUELAS F.C. - V. ARENAS
 DEF. DE CAMBACERES - SP. BARRACAS
 LUGANO - LEONES F.C.
 CTRAL. BALLESTER - PUERTO NUEVO
 J. UNIDA - EL PORVENIR
 MUÑIZ - L.N. ALEM
 J.J. DE URQUIZA - GRAL. LAMADRID
 FÉNIX - CTRO. REC. ESPAÑOL
 ESTRELLA DEL SUR - YUPANQUI
 LUJÁN - DEP. PARAGUAYO
 MERCEDES - DEP. ESPAÑOL
 CLAYPOLE - SACACHISPAS F.C.
Fecha 29 - 19/09/2026
 LUGANO - ESTRELLA DEL SUR
 ARGENTINO (R.) - BERAZATEGUI
 SACACHISPAS F.C. - V. ARENAS
 J. UNIDA - CTRO. REC. ESPAÑOL
 DEF. DE CAMBACERES - J.J. DE URQUIZA
 L.N. ALEM - MERCEDES
 PUERTO NUEVO - DEP. PARAGUAYO
Fecha 30 - 26/09/2026
 DEP. PARAGUAYO - LUGANO
 MERCEDES - PUERTO NUEVO
 J.J. DE URQUIZA - L.N. ALEM
 CTRO. REC. ESPAÑOL - DEF. DE CAMBACERES
 V. ARENAS - J. UNIDA
 BERAZATEGUI - SACACHISPAS F.C.
 ESTRELLA DEL SUR - ARGENTINO (R.)
Fecha 31 - 03/10/2026
 LUGANO - ARGENTINO (R.)
 SACACHISPAS F.C. - ESTRELLA DEL SUR
 J. UNIDA - BERAZATEGUI
 DEF. DE CAMBACERES - V. ARENAS
 L.N. ALEM - CTRO. REC. ESPAÑOL
 PUERTO NUEVO - J.J. DE URQUIZA
 DEP. PARAGUAYO - MERCEDES
Fecha 32 - 10/10/2026
 MERCEDES - LUGANO
 J.J. DE URQUIZA - DEP. PARAGUAYO
 CTRO. REC. ESPAÑOL - PUERTO NUEVO
 V. ARENAS - L.N. ALEM
 BERAZATEGUI - DEF. DE CAMBACERES
 ESTRELLA DEL SUR - J. UNIDA
 ARGENTINO (R.) - SACACHISPAS F.C.
ZONA B
Fecha 1 - 21/02/2026
 DEP. ESPAÑOL - YUPANQUI
 MUÑIZ - CTRAL. CÓRDOBA (R.)
 CAÑUELAS F.C. - CLAYPOLE
 ATLAS - CTRAL. BALLESTER
 LEONES F.C. - EL PORVENIR
 GRAL. LAMADRID - FÉNIX
 LUJÁN - SP. BARRACAS
Fecha 2 - 28/02/2026
 YUPANQUI - SP. BARRACAS
 FÉNIX - LUJÁN
 EL PORVENIR - GRAL. LAMADRID
 CTRAL. BALLESTER - LEONES F.C.
 CLAYPOLE - ATLAS
 CTRAL. CÓRDOBA (R.) - CAÑUELAS F.C.
 DEP. ESPAÑOL - MUÑIZ
Fecha 3 - 07/03/2026
 MUÑIZ - YUPANQUI
 CAÑUELAS F.C. - DEP. ESPAÑOL
 ATLAS - CTRAL. CÓRDOBA (R.)
 LEONES F.C. - CLAYPOLE
 GRAL. LAMADRID - CTRAL. BALLESTER
 LUJÁN - EL PORVENIR
 SP. BARRACAS - FÉNIX
Fecha 4 - 14/03/2026
 ARGENTINO (R.) - YUPANQUI
 EL PORVENIR - MERCEDES
 V. ARENAS - DEP. ESPAÑOL
 CTRAL. BALLESTER - DEP. PARAGUAYO
 CTRO. REC. ESPAÑOL - LEONES F.C.
 GRAL. LAMADRID - DEF. DE CAMBACERES
 SACACHISPAS F.C. - ATLAS
 CTRAL. CÓRDOBA (R.) - BERAZATEGUI
 J. UNIDA - CLAYPOLE
 SP. BARRACAS - LUGANO
 PUERTO NUEVO - FÉNIX
 MUÑIZ - J.J. DE URQUIZA
 L.N. ALEM - CAÑUELAS F.C.
 LUJÁN - ESTRELLA DEL SUR
Fecha 5 - 21/03/2026
 YUPANQUI - FÉNIX
 EL PORVENIR - SP. BARRACAS
 CTRAL. BALLESTER - LUJÁN
 CLAYPOLE - GRAL. LAMADRID
 CTRAL. CÓRDOBA (R.) - LEONES F.C.
 DEP. ESPAÑOL - ATLAS
 MUÑIZ - CAÑUELAS F.C.
Fecha 6 - 28/03/2026
 CAÑUELAS F.C. - YUPANQUI
 ATLAS - MUÑIZ
 LEONES F.C. - DEP. ESPAÑOL
 GRAL. LAMADRID - CTRAL. CÓRDOBA (R.)
 LUJÁN - CLAYPOLE
 SP. BARRACAS - CTRAL. BALLESTER
 FÉNIX - EL PORVENIR
Fecha 7 - 04/04/2026
 YUPANQUI - EL PORVENIR
 CTRAL. BALLESTER - FÉNIX
 CLAYPOLE - SP. BARRACAS
 CTRAL. CÓRDOBA (R.) - LUJÁN
 DEP. ESPAÑOL - GRAL. LAMADRID
 MUÑIZ - LEONES F.C.
 CAÑUELAS F.C. - ATLAS
Fecha 8 - 11/04/2026
 GRAL. LAMADRID - V. ARENAS
 CTRAL. CÓRDOBA (R.) - CTRO. REC. ESPAÑOL
 MERCEDES - CLAYPOLE
 YUPANQUI - PUERTO NUEVO
 J. UNIDA - MUÑIZ
 SP. BARRACAS - DEP. PARAGUAYO
 EL PORVENIR - J.J. DE URQUIZA
 ARGENTINO (R.) - ATLAS
 SACACHISPAS F.C. - DEP. ESPAÑOL
 LUJÁN - LUGANO
 DEF. DE CAMBACERES - LEONES F.C.
 L.N. ALEM - CTRAL. BALLESTER
 ESTRELLA DEL SUR - CAÑUELAS F.C.
 FÉNIX - BERAZATEGUI
Fecha 9 - 18/04/2026
 ATLAS - YUPANQUI
 LEONES F.C. - CAÑUELAS F.C.
 GRAL. LAMADRID - MUÑIZ
 LUJÁN - DEP. ESPAÑOL
 SP. BARRACAS - CTRAL. CÓRDOBA (R.)
 FÉNIX - CLAYPOLE
 CTRAL. BALLESTER - EL PORVENIR
Fecha 10 - 25/04/2026
 YUPANQUI - CTRAL. BALLESTER
 CLAYPOLE - EL PORVENIR
 CTRAL. CÓRDOBA (R.) - FÉNIX
 DEP. ESPAÑOL - SP. BARRACAS
 MUÑIZ - LUJÁN
 CAÑUELAS F.C. - GRAL. LAMADRID
 ATLAS - LEONES F.C.
Fecha 11 - 02/05/2026
 LEONES F.C. - YUPANQUI
 GRAL. LAMADRID - ATLAS
 LUJÁN - CAÑUELAS F.C.
 SP. BARRACAS - MUÑIZ
 FÉNIX - DEP. ESPAÑOL
 EL PORVENIR - CTRAL. CÓRDOBA (R.)
 CTRAL. BALLESTER - CLAYPOLE
Fecha 12 - 09/05/2026
 ARGENTINO (R.) - CTRAL. CÓRDOBA (R.)
 ATLAS - BERAZATEGUI
 V. ARENAS - CAÑUELAS F.C.
 SP. BARRACAS - DEF. DE CAMBACERES
 LEONES F.C. - LUGANO
 PUERTO NUEVO - CTRAL. BALLESTER
 EL PORVENIR - J. UNIDA
 L.N. ALEM - MUÑIZ
 GRAL. LAMADRID - J.J. DE URQUIZA
 CTRO. REC. ESPAÑOL - FÉNIX
 YUPANQUI - ESTRELLA DEL SUR
 DEP. PARAGUAYO - LUJÁN
 DEP. ESPAÑOL - MERCEDES
 SACACHISPAS F.C. - CLAYPOLE
Fecha 13 - 16/05/2026
 YUPANQUI - CLAYPOLE
 CTRAL. CÓRDOBA (R.) - CTRAL. BALLESTER
 DEP. ESPAÑOL - EL PORVENIR
 MUÑIZ - FÉNIX
 CAÑUELAS F.C. - SP. BARRACAS
 ATLAS - LUJÁN
 LEONES F.C. - GRAL. LAMADRID
Fecha 14 - 23/05/2026
 GRAL. LAMADRID - YUPANQUI
 LUJÁN - LEONES F.C.
 SP. BARRACAS - ATLAS
 FÉNIX - CAÑUELAS F.C.
 EL PORVENIR - MUÑIZ
 CTRAL. BALLESTER - DEP. ESPAÑOL
 CLAYPOLE - CTRAL. CÓRDOBA (R.)
Fecha 15 - 30/05/2026
 YUPANQUI - CTRAL. CÓRDOBA (R.)
 DEP. ESPAÑOL - CLAYPOLE
 MUÑIZ - CTRAL. BALLESTER
 CAÑUELAS F.C. - EL PORVENIR
 ATLAS - FÉNIX
 LEONES F.C. - SP. BARRACAS
 GRAL. LAMADRID - LUJÁN
Fecha 16 - 06/06/2026
 LUJÁN - YUPANQUI
 SP. BARRACAS - GRAL. LAMADRID
 FÉNIX - LEONES F.C.
 EL PORVENIR - ATLAS
 CTRAL. BALLESTER - CAÑUELAS F.C.
 CLAYPOLE - MUÑIZ
 CTRAL. CÓRDOBA (R.) - DEP. ESPAÑOL
Fecha 17 - 27/06/2026
 YUPANQUI - DEP. ESPAÑOL
 CTRAL. CÓRDOBA (R.) - MUÑIZ
 CLAYPOLE - CAÑUELAS F.C.
 CTRAL. BALLESTER - ATLAS
 EL PORVENIR - LEONES F.C.
 FÉNIX - GRAL. LAMADRID
 SP. BARRACAS - LUJÁN
Fecha 18 - 04/07/2026
 SP. BARRACAS - YUPANQUI
 LUJÁN - FÉNIX
 GRAL. LAMADRID - EL PORVENIR
 LEONES F.C. - CTRAL. BALLESTER
 ATLAS - CLAYPOLE
 CAÑUELAS F.C. - CTRAL. CÓRDOBA (R.)
 MUÑIZ - DEP. ESPAÑOL
Fecha 19 - 11/07/2026
 YUPANQUI - MUÑIZ
 DEP. ESPAÑOL - CAÑUELAS F.C.
 CTRAL. CÓRDOBA (R.) - ATLAS
 CLAYPOLE - LEONES F.C.
 CTRAL. BALLESTER - GRAL. LAMADRID
 EL PORVENIR - LUJÁN
 FÉNIX - SP. BARRACAS
Fecha 20 - 18/07/2026
 YUPANQUI - ARGENTINO (R.)
 MERCEDES - EL PORVENIR
 DEP. ESPAÑOL - V. ARENAS
 DEP. PARAGUAYO - CTRAL. BALLESTER
 LEONES F.C. - CTRO. REC. ESPAÑOL
 DEF. DE CAMBACERES - GRAL. LAMADRID
 ATLAS - SACACHISPAS F.C.
 BERAZATEGUI - CTRAL. CÓRDOBA (R.)
 CLAYPOLE - J. UNIDA
 LUGANO - SP. BARRACAS
 FÉNIX - PUERTO NUEVO
 J.J. DE URQUIZA - MUÑIZ
 CAÑUELAS F.C. - L.N. ALEM
 ESTRELLA DEL SUR - LUJÁN
Fecha 21 - 25/07/2026
 FÉNIX - YUPANQUI
 SP. BARRACAS - EL PORVENIR
 LUJÁN - CTRAL. BALLESTER
 GRAL. LAMADRID - CLAYPOLE
 LEONES F.C. - CTRAL. CÓRDOBA (R.)
 ATLAS - DEP. ESPAÑOL
 CAÑUELAS F.C. - MUÑIZ
Fecha 22 - 01/08/2026
 YUPANQUI - CAÑUELAS F.C.
 MUÑIZ - ATLAS
 DEP. ESPAÑOL - LEONES F.C.
 CTRAL. CÓRDOBA (R.) - GRAL. LAMADRID
 CLAYPOLE - LUJÁN
 CTRAL. BALLESTER - SP. BARRACAS
 EL PORVENIR - FÉNIX
Fecha 23 - 08/08/2026
 EL PORVENIR - YUPANQUI
 FÉNIX - CTRAL. BALLESTER
 SP. BARRACAS - CLAYPOLE
 LUJÁN - CTRAL. CÓRDOBA (R.)
 GRAL. LAMADRID - DEP. ESPAÑOL
 LEONES F.C. - MUÑIZ
 ATLAS - CAÑUELAS F.C.
Fecha 24 - 15/08/2026
 V. ARENAS - GRAL. LAMADRID
 CTRO. REC. ESPAÑOL - CTRAL. CÓRDOBA (R.)
 CLAYPOLE - MERCEDES
 PUERTO NUEVO - YUPANQUI
 MUÑIZ - J. UNIDA
 DEP. PARAGUAYO - SP. BARRACAS
 J.J. DE URQUIZA - EL PORVENIR
 ATLAS - ARGENTINO (R.)
 DEP. ESPAÑOL - SACACHISPAS F.C.
 LUGANO - LUJÁN
 LEONES F.C. - DEF. DE CAMBACERES
 CTRAL. BALLESTER - L.N. ALEM
 CAÑUELAS F.C. - ESTRELLA DEL SUR
 BERAZATEGUI - FÉNIX
Fecha 25 - 22/08/2026
 YUPANQUI - ATLAS
 CAÑUELAS F.C. - LEONES F.C.
 MUÑIZ - GRAL. LAMADRID
 DEP. ESPAÑOL - LUJÁN
 CTRAL. CÓRDOBA (R.) - SP. BARRACAS
 CLAYPOLE - FÉNIX
 EL PORVENIR - CTRAL. BALLESTER
Fecha 26 - 29/08/2026
 CTRAL. BALLESTER - YUPANQUI
 EL PORVENIR - CLAYPOLE
 FÉNIX - CTRAL. CÓRDOBA (R.)
 SP. BARRACAS - DEP. ESPAÑOL
 LUJÁN - MUÑIZ
 GRAL. LAMADRID - CAÑUELAS F.C.
 LEONES F.C. - ATLAS
Fecha 27 - 05/09/2026
 YUPANQUI - LEONES F.C.
 ATLAS - GRAL. LAMADRID
 CAÑUELAS F.C. - LUJÁN
 MUÑIZ - SP. BARRACAS
 DEP. ESPAÑOL - FÉNIX
 CTRAL. CÓRDOBA (R.) - EL PORVENIR
 CLAYPOLE - CTRAL. BALLESTER
Fecha 28 - 12/09/2026
 CTRAL. CÓRDOBA (R.) - ARGENTINO (R.)
 BERAZATEGUI - ATLAS
 CAÑUELAS F.C. - V. ARENAS
 DEF. DE CAMBACERES - SP. BARRACAS
 LUGANO - LEONES F.C.
 CTRAL. BALLESTER - PUERTO NUEVO
 J. UNIDA - EL PORVENIR
 MUÑIZ - L.N. ALEM
 J.J. DE URQUIZA - GRAL. LAMADRID
 FÉNIX - CTRO. REC. ESPAÑOL
 ESTRELLA DEL SUR - YUPANQUI
 LUJÁN - DEP. PARAGUAYO
 MERCEDES - DEP. ESPAÑOL
 CLAYPOLE - SACACHISPAS F.C.
Fecha 29 - 19/09/2026
 CLAYPOLE - YUPANQUI
 CTRAL. BALLESTER - CTRAL. CÓRDOBA (R.)
 EL PORVENIR - DEP. ESPAÑOL
 FÉNIX - MUÑIZ
 SP. BARRACAS - CAÑUELAS F.C.
 LUJÁN - ATLAS
 GRAL. LAMADRID - LEONES F.C.
Fecha 30 - 26/09/2026
 YUPANQUI - GRAL. LAMADRID
 LEONES F.C. - LUJÁN
 ATLAS - SP. BARRACAS
 CAÑUELAS F.C. - FÉNIX
 MUÑIZ - EL PORVENIR
 DEP. ESPAÑOL - CTRAL. BALLESTER
 CTRAL. CÓRDOBA (R.) - CLAYPOLE
Fecha 31 - 03/10/2026
 CTRAL. CÓRDOBA (R.) - YUPANQUI
 CLAYPOLE - DEP. ESPAÑOL
 CTRAL. BALLESTER - MUÑIZ
 EL PORVENIR - CAÑUELAS F.C.
 FÉNIX - ATLAS
 SP. BARRACAS - LEONES F.C.
 LUJÁN - GRAL. LAMADRID
Fecha 32 - 10/10/2026
 YUPANQUI - LUJÁN
 GRAL. LAMADRID - SP. BARRACAS
 LEONES F.C. - FÉNIX
 ATLAS - EL PORVENIR
 CAÑUELAS F.C. - CTRAL. BALLESTER
 MUÑIZ - CLAYPOLE
 DEP. ESPAÑOL - CTRAL. CÓRDOBA (R.)
Promocional Amateur
Copa Argentina 2026
FASE FINAL – 32vos. de Final
Domingo 18 de enero
Sp. Independiente R. (Mza.) - Estudiantes, a las 19.00 horas en estadio La Pedrera (S. Luis) (TV)
Lanús - Sarmiento de La Banda (S.E.), a las 21.15 horas en Estudiantes 
(TV)
Lunes 19 de enero
Estudiantes de L.P. - Ituzaingó, a las 21.15 horas en Banfield 
(TV)
Miércoles 21 de enero
Argentinos Jrs. - F.C. Midland, a las 21.15 horas en Lanús 
(TV)
Miércoles 04 de febrero
Platense - Argentino (Monte Maíz), en horario y estadio a confirmar 
(TV)
Talleres (Cba.) - Arg. de Merlo, en horario y estadio a confirmar 
(TV)
Jueves 05 de febrero
Dep. Riestra - Dep. Maipú (Mza.), en horario y estadio a confirmar 
(TV)
Barracas Ctral. - Temperley, en horario y estadio a confirmar 
(TV)
Miércoles 11 de febrero
Ctral. Córdoba (S.E.) - G. y Esgrima (Jujuy), en horario y estadio a confirmar 
(TV)
Rosario Ctral. - Sp. Belgrano (S. Fco.), en horario y estadio a confirmar 
(TV)
Martes 17 de febrero
Aldosivi (M.D.P.) - San Miguel, en horario y estadio a confirmar 
(TV)
Tigre - Claypole, en horario y estadio a confirmar 
(TV)
River Plate - Cdad. de Bolívar, en horario y estadio a confirmar 
(TV)
Martes 24 de febrero
Boca Jrs. - Gimnasia de Chivilcoy, en horario y estadio a confirmar 
(TV)
Miércoles 25 de febrero
San Martín (S. Juan) - Dep. Madryn, en horario y estadio a confirmar 
(TV)
Godoy Cruz (Mza.) - Dep. Morón, en horario y estadio a confirmar 
(TV)
Viernes 20 de marzo
San Lorenzo de A. - Dep. Rincón, en horario y estadio a confirmar 
(TV)
Miércoles 25 de marzo
Banfield - Real Pilar, en horario y estadio a confirmar 
(TV)
At. Tucumán - Sp. Barracas, en horario y estadio a confirmar 
(TV)
Viernes 27 de marzo
Belgrano (Cba.) - At. de Rafaela, en horario y estadio a confirmar 
(TV)
Independiente - Atenas (Río IV), en horario y estadio a confirmar 
(TV)
Sábado 28 de marzo
Racing Club - San Martín (Formosa), en horario y estadio a confirmar 
(TV)
Domingo 29 de marzo
Newell´s O. Boys - Acassuso, en horario y estadio a confirmar 
(TV)
Huracán - Olimpo (B. Blanca), en horario y estadio a confirmar 
(TV)
Martes 31 de marzo
Unión - Agropecuario Arg., en horario y estadio a confirmar 
(TV)
Miércoles 01 de abril
Instituto A.C. Cba. - Atlanta, en horario y estadio a confirmar 
(TV)
Def. y Justicia - Chaco For Ever, en horario y estadio a confirmar 
(TV)
Martes 07 de abril
Estudiantes (Río IV) - San Martín (Tucumán), en horario y estadio a confirmar 
(TV)
Vélez Sarsfield - Dep. Armenio, en horario y estadio a confirmar 
(TV)
G. y Esgrima (Mza.) - G. y Tiro (Salta), en horario y estadio a confirmar 
(TV)
Miércoles 08 de abril
Sarmiento (Junín) - T. Suárez, en horario y estadio a confirmar 
(TV)
G. y Esgrima L.P. - Camioneros, en horario y estadio a confirmar 
(TV)
De conformidad con las disposiciones enunciadas en el Reglamento de la Copa Argentina 2026, si alguno de los partidos señalados precedentemente resultara igualado, la definición se operará mediante la ejecución de tiros desde el punto penal de acuerdo al punto c) del art. 111 del Reglamento General de AFA. 
Torneo Federal A Edición 2025
Torneo Regional Amateur
Sábado 10 de enero
17.00 Def. de Vilelas – 8 de Diciembre (F)
 Árbitro: Sergio Mauricio Pérez
 Asistente 1: Andrés Leonardo Franco
 Asistente 2: Nicolás Alexis Rodríguez
 Cuarto árbitro: María Blanca Encinas
18.00 Fontana – Sp. Cultural RSP
 Árbitro: Leonardo Emanuel Billanueva
 Asistente 1: Nicolás Matías Sosa
 Asistente 2: Ezequiel Luis Sena
 Cuarto árbitro: Gerardo Martínez Sandoval
18.00 FADEP (Mza) – Argentino (Mza)
 Árbitro: Lucas Gómez
 Asistente 1: Eduardo Andrés Rodríguez
 Asistente 2: Germán Cardozo
 Cuarto árbitro: Marcos José Santos
Domingo 11 de enero
17.00 Boroquímica – Tucumán Central
 Árbitro: Leandro Andrés Sosa Abrile
 Asistente 1: Santiago Gudiño
 Asistente 2: Matías Santiago López
 Cuarto árbitro: Lucas Giraudo
17.00 Comercio Central Unidos – Central Argentino (SdE)
 Árbitro: Emilio José Laguna
 Asistente 1: Francisco Laguna Najar
 Asistente 2: Mario Andrés Marcos
 Cuarto árbitro: Domingo Rafael Acosta
17.00 Def. de la Boca – Gral. Paz Juniors
 Árbitro: Mauricio Exequiel Martín
 Asistente 1: Emanuel Alberrto Monasterio
 Asistente 2: Alexis Rafael Vildoza
 Cuarto árbitro: Jorge Sosa
17.00 Unidos de Olmos – Regatas (SN)
 Árbitro: Gonzalo Speranza
 Asistente 1: Manuel Ornek
 Asistente 2: Santiago Suriani
 Cuarto árbitro: Nathanael Santiago Lettieri
17.00 Boxing – Camioneros (RG)
 Árbitro: Diego Maximiliano Álvarez
 Asistente 1: Lautaro Ezequiel Carro
 Asistente 2: Santiago Van Dick
 Cuarto árbitro: Caleb Josué Braco
17.00 Dep. Alpachiri – Ferro C. Oeste (GP)
 Árbitro: Facundo Andrés Blanco
 Asistente 1: Damián Blackall Gerardi
 Asistente 2: Facundo Iriarte
 Cuarto árbitro: Lucas Yael D’Onofrio
17.00 Atl. Villa Gesell – Santa Rita (GV)
 Árbitro: Lautaro Manuel Paletta
 Asistente 1: Fernando Zabalza
 Asistente 2: Mauro Ignacio Echarren
 Cuarto árbitro: Camila Romero
17.00 Guaraní A. Franco – Estudio Galeano
 Árbitro: Franco Sebastián Rioja
 Asistente 1: Lucas Nahuel Suárez
 Asistente 2: José Octavio Cappelli
 Cuarto árbitro: Harold Yesid Lemos Muñoz
17.00 Atl. San Pedro – Talleres Perico
 Árbitro: Gustavo Federico Benites
 Asistente 1: Luciano Agustín Díaz
 Asistente 2: Diego Pablo Ocampo
 Cuarto árbitro: Facundo Misael Vizgarra Campos
17.30 Escobar FC – Napoli Arg
 Árbitro: Agustín Vegetti
 Asistente 1: Gustavo Aguirre
 Asistente 2: Maximiliano Olivo
 Cuarto árbitro: Ramiro Marano
17.30 Dep. Mandiyú – San Lorenzo (MC)
 Árbitro: Carlos Sebastián Verón
 Asistente 1: Mariana Beatriz Duré
 Asistente 2: Juan Gabriel Hernández
 Cuarto árbitro: Juan Pablo Infran
17.30 Peñarol Caucete – Unión VK
 Árbitro: Luis Damián Martínez
 Asistente 1: Fernando S. Muñoz
 Asistente 2: Jorge Cabrera
 Cuarto árbitro: Martín Olate
18.00 Independiente (Cat) – Vélez (SdE)
 Árbitro: Lautaro Román Cazorla
 Asistente 1: Leila Romina Argañaraz
 Asistente 2: Axel Gastón Santillán
 Cuarto árbitro: Eloy Guzmán
18.00 Dep. Villalonga – J. Newbery (CR)
 Árbitro: Facundo Nahuel Altuna
 Asistente 1: Franco Páez
 Asistente 2: Juan Manuel Vega
 Cuarto árbitro: Franco Yatzky
18.00 Sanjustino – Atl. María Grande
 Árbitro: Leandro Aragno
 Asistente 1: Franco Ceballos
 Asistente 2: Angelo Luis Trucco
 Cuarto árbitro: Facundo Rodríguez
18.00 Jorge Newbery (VM) – Estudiantes (SL)
 Árbitro: Fabrizio Lipari
 Asistente 1: Brandon Mansilla
 Asistente 2: Alejo Valentín Alfonso
 Cuarto árbitro: Matías Agustín Leguizamón
18.30 La Amistad – Atl. San Patricio
 Árbitro: Danilo Ariel Viola
 Asistente 1: Rodrigo Moreno
 Asistente 2: Jonathan Balda
 Cuarto árbitro: Agustín Linares
19.00 Newell’s Old Boys (O) – 9 de Julio (Morteros)
 Árbitro: Richard Guillermo Moyano
 Asistente 1: Federico Nieto
 Asistente 2: Yoel Nicolás Yudica Palermo
 Cuarto árbitro: Jonathan Andrés Rodríguez Leira
19.00 Dep. Roca – Regina
 Árbitro: Ulises Jerónimo
 Asistente 1: Martín Molina
 Asistente 2: Nelson Martín Garrido
 Cuarto árbitro: Lautaro Tomás Fonseca
19.00 Atl. Ayacucho – Liniers (BB)
 Árbitro: Diego Gil
 Asistente 1: Ignacio Zdonek
 Asistente 2: Matías Nahuel Bernasconi
 Cuarto árbitro: Augusto Domínguez
19.00 Sp. Sarmiento (VT) – PSM
 Árbitro: Alejandro Scionti
 Asistente 1: Franco Gauna
 Asistente 2: Micaela Villalba
 Cuarto árbitro: Leonel Eduardo Franco
20.00 Racing (Pergamino) – Colón (Chivilcoy)
 Árbitro: Matías Ezequiel Billone Carpio
 Asistente 1: Emanuel José Serale
 Asistente 2: Lucas Darío Coltro
 Cuarto árbitro: Guadalupe Prunesti
20.00 Juventud Unida (G) – DEPRO
 Árbitro: Maximiliano Emanuel Durán
 Asistente 1: Ramiro Gastón Nadalin
 Asistente 2: Guido Marcelo Vázquez
 Cuarto árbitro: Ricardo Francisco Gómez
20.00 Colón (San Justo) – Ben Hur
 Árbitro: José Darío Sandoval
 Asistente 1: Guido Córdoba
 Asistente 2: Martín Leiva
 Cuarto árbitro: Diego Antonetti
20.30 Racing (Olavarría) – Dep. Norte (MdP)
 Árbitro: Cristian Rubiano
 Asistente 1: Diego Matías Pereyra
 Asistente 2: Yasu Muñoz
 Cuarto árbitro: Emanuel Leguizamón
21.00 Huracán (SR) – Pacífico (GA)
 Árbitro: Leandro Domínguez
 Asistente 1: Lautaro Tuninetti Araoz
 Asistente 2: Mario Oyola
 Cuarto árbitro: Federico Valle
Lunes 12 de enero
21.30 Villa Belgrano (J) – Rivadavia (Lincoln)
 Árbitro: Maximiliano Manduca
 Asistente 1: Nicolás Matías Mottier
 Asistente 2: Juan Francisco Bonnin
 Cuarto árbitro: Joaquín Urbani
Segundo Torneo de Primera División A 2025 - Fútbol Femenino 
Torneo Femenino de Primera B
Copa Federal Femenina
CONMEBOL Copa Libertadores 2026
El certamen se iniciará el 4 de febrero. 
El rival de Argentinos Juniors en la Fase 2 será "Representante de Ecuador". El primer encuentro se jugará en Ecuador la semana del 19 de febrero, y la vuelta será una semana después en el Estadio Diego Armando Maradona. El ganador de esta llave se cruzará con el vencedor del cruce entre Botafogo y "Representante de Bolivia" en la Fase 3.
CONMEBOL Copa Sudamericana 2026
El certamen se iniciará el 4 de marzo.
CONMEBOL Recopa 2026
Partido de ida 
Jueves 19 de febrero 
21.30 Lanús - Flamengo
Partido de vuelta 
Jueves 26 de febrero 
21.30 Flamengo - Lanús 
CONMEBOL Copa Libertadores Sub 20
Se jugará del 7 al 22 de marzo de 2026.
Intercontinental Sub 20 2026
Se jugará el 22 de agosto de 2026. (A confirmar por UEFA).
Eliminatorias Sudamericanas
Amistosos Selección Mayor
Copa del Mundo 2026
Argentina integrará el Grupo J junto a Argelia, Austria y Jordania. El partido inaugural de la Copa del Mundo 2026 que organizan en conjunto los Estados Unidos, México y Canadá, se jugará en el Estadio Azteca el 11 de junio.
El 12 de junio, un día después del partido inaugural, debutarán los dos anfitriones: Estados Unidos en Los Angeles (SoFi Stadium) y Canadá en Toronto (BMO Field).
El encuentro final, programado para el 19 de julio, se celebrará en el estadio MetLife de Nueva Jersey.
Las otras sedes serán: Guadalajara (Estadio Akron),Monterrey (Estadio BBVA) en México; Vancouver (BC Place) en Canadá; Atlanta (Mercedes-Benz Stadium), Boston (Gillette Stadium), Dallas (AT&T Stadium), Houston (NRG Stadium), Kansas City (Arrowhead Stadium), Miami (Hard Rock Stadium), Nueva York/Nueva Jersey (MetLife Stadium), Philadelphia (Lincoln Financial Field), San Francisco (Bay Area: Levi's Stadium) y Seattle (Lumen Field).
Grupo A
 México
 Sudáfrica
 República de Corea
 República Checa/Dinamarca/Macedonia del Norte/República de Irlanda
 Jueves, 11 de junio 2026
 15:00 - México vs Sudáfrica - Estadio Ciudad de México
 22:00 - República de Corea vs Dinamarca/Macedonia/República Checa/Irlanda - Estadio Guadalajara
 Jueves, 18 de junio 2026
 12:00 - Dinamarca/Macedonia/República Checa/Irlanda vs Sudáfrica - Atlanta Stadium
 21:00 - México vs República de Corea - Estadio Guadalajara
 Miércoles, 24 de junio 2026
 21:00 - Dinamarca/Macedonia/República Checa/Irlanda vs México - Estadio Ciudad de México
 21:00 - Sudáfrica vs República de Corea - Estadio Monterrey
 Grupo B
 Canadá
 Bosnia y Herzegovina/Italia/Irlanda del Norte/Gales
 Catar
 Suiza
 Viernes, 12 de junio 2026
 15:00 - Canadá vs Italia/Nigeria/Gales/Bosnia - Toronto Stadium
 Sábado, 13 de junio 2026
 15:00 - Catar vs Suiza - San Francisco Bay Area Stadium
 Jueves, 18 de junio 2026
 15:00 - Suiza vs Italia/Irlanda/Gales/Bosnia - Los Angeles Stadium
 18:00 - Canadá vs Catar - BC Place Vancouver
 Miércoles, 24 de junio 2026
 15:00 - Suiza vs Canadá - BC Place Vancouver
 15:00 - Italia/Irlanda del Norte/Gales/Bosnia vs Catar - Seattle Stadium
 Grupo C
 Brasil
 Marruecos
 Haití
 Escocia
 Sábado, 13 de junio 2026
 18:00 - Brasil vs Marruecos - Nueva York Nueva Jersey Stadium
 21:00 - Haití vs Escocia - Boston Stadium
 Viernes, 19 de junio 2026
 18:00 - Escocia vs Marruecos - Boston Stadium
 21:00 - Brasil vs Haití - Philadelphia Stadium
 Miércoles, 24 de junio 2026
 18:00 - Brasil vs Escocia - Miami Stadium
 18:00 - Marruecos vs Haití - Atlanta Stadium
 Grupo D
 Estados Unidos
 Paraguay
 Australia
 Kosovo/Rumania/Eslovaquia/Turquía
 Viernes, 12 de junio 2026
 21:00 - Estados Unidos vs Paraguay - Los Angeles Stadium
 Sábado, 13 de junio 2026
 00:00 - Australia vs Turquía/Rumania/Eslovaquia/Kosovo - BC Place Vancouver
 Viernes, 19 de junio 2026
 15:00 - Estados Unidos vs Australia – Grupo D - Seattle Stadium
 00:00 - Turquía/Rumania/Eslovaquia/Kosovo vs Paraguay - San Francisco Bay Area Stadium
 Jueves, 25 de junio 2026
 22:00 - Turquía/Rumania/Eslovaquia/Kosovo vs Estados Unidos - Los Angeles Stadium
 22:00 - Paraguay vs Australia - San Francisco Bay Area Stadium
 Grupo E
 Alemania
 Curazao
 Costa de Marfil
 Ecuador
 Domingo, 14 de junio 2026
 13:00 - Alemania vs Curazao - Houston Stadium
 19:00 - Costa del Marfil vs Ecuador - Philadelphia Stadium
 Sábado, 20 de junio 2026
 16:00 - Alemania vs Costa de Marfil - Toronto Stadium
 22:00 - Ecuador vs Curazao - Kansas City Stadium
 Jueves, 25 de junio 2026
 16:00 - Curazao vs Costa de Marfil - Philadelphia Stadium
 16:00 - Ecuador vs Alemania - New York New Jersey Stadium
 Grupo F
 Países Bajos
 Japón
 Albania/Polonia/Suecia/Ucrania
 Túnez
 Domingo, 14 de junio 2026
 16:00 - Países Bajos vs Japón - Dallas Stadium
 22:00 - Ucrania/Suecia/Polonia/Albania vs Túnez - Estadio Monterrey
 Sábado, 20 de junio 2026
 13:00 - Países Bajos vs Ucrania/Suecia/Polonia/Albania - Houston Stadium
 00:00 - Túnez vs Japón - Estadio Monterrey
 Jueves, 25 de junio 2026
 19:00 - Japón vs Ucrania/Suecia/Polonia/Albania - Dallas Stadium
 19:00 - Túnez vs Países Bajos - Kansas City Stadium
 Grupo G
 Bélgica
 Egipto
 RI de Irán
 Nueva Zelanda
 Lunes, 15 de junio 2026
 15:00 - Bélgica vs Egipto - Seattle Stadium
 21:00 - Irán vs Nueva Zelanda - Los Angeles Stadium
 Domingo, 21 de junio 2026
 15:00 - Bélgica vs Irán - Los Angeles Stadium
 21:00 - Nueva Zelanda vs Egipto - BC Place Vancouver
 Viernes, 26 de junio 2026
 23:00 - Egipto vs Irán - Seattle Stadium
 23:00 - Nueva Zelanda vs Bélgica - BC Place Vancouver
 Grupo H
 España
 Cabo Verde
 Arabia Saudí
 Uruguay
 Lunes, 15 de junio 2026
 12:00 - España vs Cabo Verde - Atlanta Stadium
 18:00 - Arabia Saudí vs Uruguay - Miami Stadium
 Domingo, 21 de junio 2026
 12:00 - España vs Arabia Saudí - Atlanta Stadium
 18:00 - Uruguay vs Cabo Verde - Miami Stadium
 Viernes, 26 de junio 2026
 20:00 - Cabo Verde vs Arabia Saudí - Houston Stadium
 20:00 - Uruguay vs España - Estadio Guadalajara
 Grupo I
 Francia
 Senegal
 Bolivia/Irak/Surinam
 Noruega
 Martes, 16 de junio 2026
 15:00 - Francia vs Senegal - New York New Jersey Stadium
 18:00 - Irak/Bolivia/Surinam vs Noruega - Boston Stadium
 Lunes, 22 de junio 2026
 17:00 - Francia vs Irak/Bolivia/Surinam - Philadelphia Stadium
 20:00 - Noruega vs Senegal – Nueva York Nueva Jersey Stadium
 Viernes, 26 de junio 2026
 15:00 - Noruega vs Francia - Boston Stadium
 15:00 - Senegal vs Irak/Bolivia/Surinam - Toronto Stadium
 Grupo J
 Argentina
 Argelia
 Austria
 Jordania
 Martes, 16 de junio 2026
 21:00 - Argentina vs Argelia - Kansas City Stadium
 00:00 - Austria vs Jordania - San Francisco Bay Area Stadium
 Lunes, 22 de junio 2026
 13:00 - Argentina vs Austria - Dallas Stadium
 23:00 - Jordania vs Argelia - San Francisco Bay Area Stadium
 Sábado, 27 de junio 2026
 22:00 - Argelia vs Austria - Kansas City Stadium
 22:00 - Jordania vs Argentina - Dallas Stadium
 Grupo K
 Portugal
 RD de Congo/Jamaica/Nueva Caledonia
 Uzbekistán
 Colombia
 Miércoles, 17 de junio 2026
 13:00 - Portugal vs Jamaica/RD de Congo/Nueva Caledonia - Houston Stadium
 22:00 - Uzbekistán vs Colombia - Estadio Ciudad de México
 Martes, 23 de junio 2026
 13:00 - Portugal vs Uzbekistán - Houston Stadium
 22:00 - Colombia vs RD de Congo/Jamaica/Nueva Caledonia - Estadio Guadalajara
 Sábado, 27 de junio 2026
 19:30 - Colombia vs Portugal - Miami Stadium
 19:30 - RD de Congo/Jamaica/Nueva Caledonia vs Uzbekistán - Atlanta Stadium
 Grupo L
 Inglaterra
 Croacia
 Ghana
 Panamá
 Miércoles, 17 de junio 2026
 16:00 - Inglaterra vs Croacia - Dallas Stadium
 19:00 - Ghana vs Panamá - Toronto Stadium
 Martes, 23 de junio 2026
 16:00 - Inglaterra vs Ghana - Boston Stadium
 19:00 - Panamá vs Croacia - Toronto Stadium
 Sábado, 27 de junio 2026
 17:00 - Panamá vs Inglaterra - New York New Jersey Stadium
 17:00 - Croacia vs Ghana - Philadelphia Stadium
*Horarios: fuente FIFA
 Formato y resto de los clasificados
 Los dos primeros equipos de cada sección y los ocho mejores terceros de los grupos avanzarán a los dieciseisavos de final de la Copa Mundial de la FIFA 2026.
 Seis de los 48 equipos que participarán en la Copa Mundial de la FIFA 2026 aún no se han determinado, y no se conocerán hasta marzo de 2026.
 Cuatro de ellos saldrán de las eliminatorias europeas de 16 equipos de la UEFA, que disputarán Albania, Bosnia y Herzegovina, Chequia, Dinamarca, Italia, Kosovo, Irlanda del Norte, Macedonia del Norte, Polonia, República de Irlanda, Rumanía, Eslovaquia, Suecia, Turquía, Ucrania y Gales.
 Las otras dos plazas se las disputarán seis equipos (Bolivia, República Democrática del Congo, Irak, Jamaica, Nueva Caledonia y Surinam) en el Torneo clasificatorio de la Copa Mundial de la FIFA 2026™.
Repechaje internacional rumbo al Mundial 2026
 Los partidos serán entre el 23 y el 31 de marzo del próximo año.
 El primer cruce será entre Nueva Caledonia (OFC) y Jamaica (Concacaf), cuyo ganador se enfrentará en la final a República Democrática del Congo, conjunto africano que avanzó directamente a la definición por tener un ranking FIFA superior y aguarda por su rival en busca del primer boleto mundialista.
 En el segundo cuadro, Bolivia (Conmebol) se medirá ante Surinam (Concacaf) y el vencedor jugará la final frente a Irak, que también accedió directamente a la instancia decisiva por su mejor ubicación en el ranking (58°), mientras que el equipo que supere esta llave se quedará con el segundo cupo disponible para el Mundial 2026. Ambos caminos se resolverán en territorio mexicano, con Monterrey y Guadalajara como sedes.
Cruces del Repechaje europeo rumbo al Mundial 2026
 Se disputará el 26 y 31 de marzo de 2026.
 En la Ruta A, Italia se enfrentará a Irlanda del Norte, mientras que Gales se medirá con Bosnia-Herzegovina —el ganador de este último cruce será local en la final—, en la Ruta B, Ucrania jugará ante Suecia, que también tendrá localía si avanza a la definición y Polonia se enfrentará a Albania y la Ruta C tendrá a Turquía frente a Rumania y a Eslovaquia ante Kosovo, con ventaja de localía para este último si accede a la final. En la Ruta D, Dinamarca buscará su plaza ante Macedonia del Norte, mientras que República Checa se medirá con Irlanda, que quedó sorteada como posible local en la final.
 Todas las semifinales tendrán localía para los seleccionados provenientes del Grupo 1 (Italia, Ucrania, Turquía y Dinamarca) y del Grupo 2 (Gales, Polonia, Eslovaquia y República Checa). El formato será de eliminación directa en ambas instancias y el 31 de marzo se conocerán los cuatro seleccionados que completarán la nómina europea para el Mundial 2026.
Finalissima 2026
La Selección Argentina, campeona de la Copa América 2024, y la Selección de España, campeona de la Eurocopa 2024, disputarán el próximo año la Finalissima en un partido que se se celebrará en el Estadio Lusail, en Qatar, el viernes 27 de marzo de 2026, con inicio a las 21:00h (hora local) - 18:00h GMT/ 15:00h ARG.
Selección Mayor Femenina
Copa Mundial Femenina FIFA 2027
El Consejo de la FIFA confirmó que el torneo se disputará del 24 de junio al 25 de julio de 2027.l Consejo de la FIFA confirmó que el torneo se disputará del 24 de junio al 25 de julio de 2027.
La asignación de plazas directas, que incluye 29 de las 32 disponibles, será la siguiente:
AFC: seis plazas directas
CAF: cuatro plazas directas
Concacaf: cuatro plazas directas
CONMEBOL: tres plazas directas. Brasil, el país anfitrión, se clasifica automáticamente y su plaza se resta directamente del cupo asignado a la CONMEBOL
OFC: una plaza directa
UEFA: 11 plazas directas
Las tres plazas restantes se decidirán en un torneo clasificatorio intercontinental en el que participarán diez selecciones y que constará de dos fases, con la siguiente asignación de plazas:
Dos plazas en el torneo clasificatorio para la AFC
Dos plazas en el torneo clasificatorio para la CAF
Dos plazas en el torneo clasificatorio para la Concacaf (ambas recibirán el pase automático a la segunda fase por su rendimiento deportivo en el torneo clasificatorio intercontinental de la Copa Mundial Femenina de la FIFA 2023™)
Dos plazas en el torneo clasificatorio para la CONMEBOL (la selección mejor situada en la Clasificación Mundial Femenina FIFA/Coca-Cola recibirá el pase automático a la segunda fase porque Brasil está clasificada en calidad de anfitriona para la Copa Mundial Femenina de la FIFA 2027™)
Una plaza en el torneo clasificatorio para la OFC
Una plaza en el torneo clasificatorio para la UEFA (recibirá el pase automático a la segunda fase por su rendimiento deportivo en el torneo clasificatorio intercontinental de la Copa Mundial Femenina de la FIFA 2023™)
La primera fase del torneo clasificatorio intercontinental tendrá lugar en noviembre y diciembre de 2026 en una única sede, y en ella participarán seis selecciones cuyo orden se determinará en función de la edición de la 
Clasificación Mundial Femenina FIFA/Coca-Cola
 previa al sorteo del torneo. Las dos primeras accederán a la segunda fase del torneo clasificatorio intercontinental, que se disputará en febrero de 2027 en una única sede y a la que se sumarán dos representantes de la Concacaf, uno de la CONMEBOL y otro de la UEFA. Las seis selecciones se encuadrarán en tres cruces diferentes, consistentes en sendos partidos de eliminación directa que decidirán los tres equipos clasificados para la Copa Mundial Femenina de la FIFA 2027™. Las selecciones representantes de la misma confederación no podrán quedar encuadradas en un mismo cruce.
Conmebol Sub 17 Femenina 2026
Se jugará del 22 de abril al 16 de mayo de 2026.
Conmebol Sub 20 Femenina
Se jugará del 4 al 28 de febrero de 2026.
 La conformación de las zonas quedó establecida de la siguiente manera:
 GRUPO A:
 Paraguay
 Colombia
 Venezuela
 Chile
 Uruguay
 GRUPO B:
 Brasil
 Argentina
 Perú
 Ecuador
 Bolivia
 – Formato de competencia –
 La CONMEBOL Sub20 Femenina 2026 se disputará en dos Fases: Fase Preliminar (Fase de Grupos) y Fase Final (Las seis selecciones clasificadas de la fase preliminar participarán de esta fase, con el mismo sistema de juegos todos contra todos). Todas las fases se jugarán a una sola rueda de partidos. La fase preliminar la disputan los diez equipos, distribuidos en 2 grupos de 5 equipos cada uno.
 Clasificarán para la Fase Final, los equipos que ocupen las tres primeras posiciones en cada grupo.
CONMEBOL Copa Libertadores Femenina 2025
CONMEBOL Copa Libertadores Femenina 2026
Se jugará del 15 al 31 de octubre de 2026.
CONMEBOL Copa Libertadores Fútbol Playa 2025
Se jugará del 3 al 9 de mayo de 2026.
CONMEBOL Copa Libertadores Fútbol Playa 2026
Se jugará del 29 de noviembre al 5 de diciembre de 2026.
CONMEBOL Sub 20 Fútbol Playa 2025
Se jugará del 22 al 30 de agosto de 2026.
Copa América Femenina de Futsal 2025
Copa Mundial Femenina de Futsal 2025
CONMEBOL Sub 20 Futsal 2026
Se jugará del 26 de septiembre al 4 de octubre de 2026.
CONMEBOL Sub 17 Futsal 2026
Se jugará del 8 al 16 de agosto de 2026.
CONMEBOL Sub 20 Futsal Femenina 2026
Se jugará del 5 al 13 de septiembre de 2026.
CONMEBOL Copa América Futsal
Se jugará del 24 de enero al 1 de febrero de 2026. 
Finalissima Futsal 2026
Se jugará del 5 al 8 de noviembre de 2026.
CONMEBOL Copa Libertadores de Futsal 2026
Se jugará del 24 al 31 de mayo de 2026.
CONMEBOL Copa Libertadores Futsal Femenina 2026
Se jugará del 26 de julio al 2 de agosto de 2026.
Copa Mundial Sub 20 Femenina 2026
Polonia será el país organizador.
Las plazas se distribuirán de la siguiente manera: AFC: 4; CAF: 4; Concacaf: 4; CONMEBOL: 4; OFC: 2; UEFA: 5; país anfitrión: 1
Copa Mundial Sub 17 Masculina 2025
Copa Mundial Sub 17 Femenina 2025-2029
Marruecos será el país organizador.
Las plazas se distribuirán de la siguiente manera: AFC: 4; CAF: 5; Concacaf: 4; CONMEBOL: 4; OFC: 2; UEFA: 5.
CONMEBOL Sub 17 2026
Se jugará del 3 al 19 de abril de 2026.
Liga de Naciones Femenina 2025-2026
Fixture de la Selección Argentina Femenina
 • Fecha 5 - Chile vs. Argentina - 10 de abril 2026
 • Fecha 6 - Venezuela vs. Argentina - 14 de abril 2026
 • Fecha 7 - Argentina vs. Colombia - 18 de abril 2026
 • Fecha 8 - Argentina vs. Perú - 5 de junio 2026
 • Fecha 9 - Ecuador vs. Argentina - 9 de junio 2026
 Formato de Competencia
 La competición se disputará en fase única, que se jugará a una sola rueda de partidos, todos contra todos en partidos únicos, sumando un total de nueve jornadas, en base al calendario preliminar elaborado por la CONMEBOL y que fue presentado y aprobado en la reunión del Consejo CONMEBOL del 7 de abril de 2025. En cada jornada ocho equipos se enfrentan, mientras un equipo queda libre, de manera que todos los equipos descansarán en una de las nueve fechas.
 Se disputarán un total de 36 partidos entre las selecciones femeninas sudamericanas que representan nueve Asociaciones Miembro de la CONMEBOL. No participará en esta edición específica del torneo la selección de Brasil, porque tiene su clasificación a la Copa Mundial Femenina de la FIFA 2027 garantizada al ser país anfitrión. Clasificarán de manera directa para la Copa Mundial Femenina de la FIFA 2027, los equipos que ocupen las dos primeras posiciones en la tabla de clasificación final y clasificarán al repechaje intercontinental los equipos que ocupen la tercera y cuarta posición en la tabla de clasificación final 
Juegos Olímpicos Los Ángeles 2028
Torneo Olímpico de Fútbol femenino: AFC: 2.5; CAF: 2; Concacaf: 3; CONMEBOL: 2.5; OFC: 1; UEFA: 4; país anfitrión (Estados Unidos): 1
Torneo Olímpico de Fútbol masculino: AFC: 2; CAF: 2; Concacaf: 1; CONMEBOL: 2; OFC: 1; UEFA: 3; país anfitrión (Estados Unidos): 1 
Copa Mundial Femenina de Clubes de la FIFA 2028
Se disputará del 5 al 30 de enero de 2028